id,has_anomaly,primary_start_idx,primary_end_idx,primary_anomaly_type,all_spans
1,0,-1,-1,none,
2,0,-1,-1,none,
3,0,-1,-1,none,
4,0,-1,-1,none,
5,0,-1,-1,none,
6,0,-1,-1,none,
7,0,-1,-1,none,
8,0,-1,-1,none,
9,0,-1,-1,none,
10,0,-1,-1,none,
11,0,-1,-1,none,
12,0,-1,-1,none,
13,0,-1,-1,none,
14,0,-1,-1,none,
15,0,-1,-1,none,
16,0,-1,-1,none,
17,0,-1,-1,none,
18,0,-1,-1,none,
19,0,-1,-1,none,
20,0,-1,-1,none,
21,0,-1,-1,none,
22,0,-1,-1,none,
23,0,-1,-1,none,
24,0,-1,-1,none,
25,0,-1,-1,none,
26,0,-1,-1,none,
27,0,-1,-1,none,
28,0,-1,-1,none,
29,0,-1,-1,none,
30,0,-1,-1,none,
31,0,-1,-1,none,
32,0,-1,-1,none,
33,0,-1,-1,none,
34,0,-1,-1,none,
35,0,-1,-1,none,
36,0,-1,-1,none,
37,0,-1,-1,none,
38,0,-1,-1,none,
39,0,-1,-1,none,
40,0,-1,-1,none,
41,0,-1,-1,none,
42,0,-1,-1,none,
43,0,-1,-1,none,
44,0,-1,-1,none,
45,0,-1,-1,none,
46,0,-1,-1,none,
47,0,-1,-1,none,
48,0,-1,-1,none,
49,0,-1,-1,none,
50,0,-1,-1,none,
51,0,-1,-1,none,
52,0,-1,-1,none,
53,0,-1,-1,none,
54,0,-1,-1,none,
55,0,-1,-1,none,
56,0,-1,-1,none,
57,0,-1,-1,none,
58,0,-1,-1,none,
59,0,-1,-1,none,
60,0,-1,-1,none,
61,0,-1,-1,none,
62,0,-1,-1,none,
63,0,-1,-1,none,
64,0,-1,-1,none,
65,0,-1,-1,none,
66,0,-1,-1,none,
67,0,-1,-1,none,
68,0,-1,-1,none,
69,0,-1,-1,none,
70,0,-1,-1,none,
71,0,-1,-1,none,
72,0,-1,-1,none,
73,0,-1,-1,none,
74,0,-1,-1,none,
75,0,-1,-1,none,
76,0,-1,-1,none,
77,0,-1,-1,none,
78,0,-1,-1,none,
79,0,-1,-1,none,
80,0,-1,-1,none,
81,0,-1,-1,none,
82,0,-1,-1,none,
83,0,-1,-1,none,
84,0,-1,-1,none,
85,0,-1,-1,none,
86,0,-1,-1,none,
87,0,-1,-1,none,
88,0,-1,-1,none,
89,0,-1,-1,none,
90,0,-1,-1,none,
91,0,-1,-1,none,
92,0,-1,-1,none,
93,0,-1,-1,none,
94,0,-1,-1,none,
95,0,-1,-1,none,
96,0,-1,-1,none,
97,0,-1,-1,none,
98,0,-1,-1,none,
99,0,-1,-1,none,
100,0,-1,-1,none,
101,0,-1,-1,none,
102,0,-1,-1,none,
103,0,-1,-1,none,
104,0,-1,-1,none,
105,0,-1,-1,none,
106,0,-1,-1,none,
107,0,-1,-1,none,
108,0,-1,-1,none,
109,0,-1,-1,none,
110,0,-1,-1,none,
111,0,-1,-1,none,
112,0,-1,-1,none,
113,0,-1,-1,none,
114,0,-1,-1,none,
115,0,-1,-1,none,
116,0,-1,-1,none,
117,0,-1,-1,none,
118,0,-1,-1,none,
119,0,-1,-1,none,
120,0,-1,-1,none,
121,0,-1,-1,none,
122,0,-1,-1,none,
123,0,-1,-1,none,
124,0,-1,-1,none,
125,0,-1,-1,none,
126,0,-1,-1,none,
127,0,-1,-1,none,
128,0,-1,-1,none,
129,0,-1,-1,none,
130,0,-1,-1,none,
131,0,-1,-1,none,
132,0,-1,-1,none,
133,0,-1,-1,none,
134,0,-1,-1,none,
135,0,-1,-1,none,
136,0,-1,-1,none,
137,0,-1,-1,none,
138,0,-1,-1,none,
139,0,-1,-1,none,
140,0,-1,-1,none,
141,0,-1,-1,none,
142,0,-1,-1,none,
143,0,-1,-1,none,
144,0,-1,-1,none,
145,0,-1,-1,none,
146,0,-1,-1,none,
147,0,-1,-1,none,
148,0,-1,-1,none,
149,0,-1,-1,none,
150,0,-1,-1,none,
151,0,-1,-1,none,
152,0,-1,-1,none,
153,0,-1,-1,none,
154,0,-1,-1,none,
155,0,-1,-1,none,
156,0,-1,-1,none,
157,0,-1,-1,none,
158,0,-1,-1,none,
159,0,-1,-1,none,
160,0,-1,-1,none,
161,0,-1,-1,none,
162,0,-1,-1,none,
163,0,-1,-1,none,
164,0,-1,-1,none,
165,0,-1,-1,none,
166,0,-1,-1,none,
167,0,-1,-1,none,
168,0,-1,-1,none,
169,0,-1,-1,none,
170,0,-1,-1,none,
171,0,-1,-1,none,
172,0,-1,-1,none,
173,0,-1,-1,none,
174,0,-1,-1,none,
175,0,-1,-1,none,
176,0,-1,-1,none,
177,0,-1,-1,none,
178,0,-1,-1,none,
179,0,-1,-1,none,
180,0,-1,-1,none,
181,0,-1,-1,none,
182,0,-1,-1,none,
183,0,-1,-1,none,
184,0,-1,-1,none,
185,0,-1,-1,none,
186,0,-1,-1,none,
187,0,-1,-1,none,
188,0,-1,-1,none,
189,0,-1,-1,none,
190,0,-1,-1,none,
191,0,-1,-1,none,
192,0,-1,-1,none,
193,0,-1,-1,none,
194,0,-1,-1,none,
195,0,-1,-1,none,
196,0,-1,-1,none,
197,0,-1,-1,none,
198,0,-1,-1,none,
199,0,-1,-1,none,
200,0,-1,-1,none,
201,0,-1,-1,none,
202,0,-1,-1,none,
203,0,-1,-1,none,
204,0,-1,-1,none,
205,0,-1,-1,none,
206,0,-1,-1,none,
207,0,-1,-1,none,
208,0,-1,-1,none,
209,0,-1,-1,none,
210,0,-1,-1,none,
211,0,-1,-1,none,
212,0,-1,-1,none,
213,0,-1,-1,none,
214,0,-1,-1,none,
215,0,-1,-1,none,
216,0,-1,-1,none,
217,0,-1,-1,none,
218,0,-1,-1,none,
219,0,-1,-1,none,
220,0,-1,-1,none,
221,0,-1,-1,none,
222,0,-1,-1,none,
223,0,-1,-1,none,
224,0,-1,-1,none,
225,0,-1,-1,none,
226,0,-1,-1,none,
227,0,-1,-1,none,
228,0,-1,-1,none,
229,0,-1,-1,none,
230,0,-1,-1,none,
231,0,-1,-1,none,
232,0,-1,-1,none,
233,0,-1,-1,none,
234,0,-1,-1,none,
235,0,-1,-1,none,
236,0,-1,-1,none,
237,0,-1,-1,none,
238,0,-1,-1,none,
239,0,-1,-1,none,
240,0,-1,-1,none,
241,0,-1,-1,none,
242,0,-1,-1,none,
243,0,-1,-1,none,
244,0,-1,-1,none,
245,0,-1,-1,none,
246,0,-1,-1,none,
247,0,-1,-1,none,
248,0,-1,-1,none,
249,0,-1,-1,none,
250,0,-1,-1,none,
251,0,-1,-1,none,
252,0,-1,-1,none,
253,0,-1,-1,none,
254,0,-1,-1,none,
255,0,-1,-1,none,
256,0,-1,-1,none,
257,0,-1,-1,none,
258,0,-1,-1,none,
259,0,-1,-1,none,
260,0,-1,-1,none,
261,0,-1,-1,none,
262,0,-1,-1,none,
263,0,-1,-1,none,
264,0,-1,-1,none,
265,0,-1,-1,none,
266,0,-1,-1,none,
267,0,-1,-1,none,
268,0,-1,-1,none,
269,0,-1,-1,none,
270,0,-1,-1,none,
271,0,-1,-1,none,
272,0,-1,-1,none,
273,0,-1,-1,none,
274,0,-1,-1,none,
275,0,-1,-1,none,
276,0,-1,-1,none,
277,0,-1,-1,none,
278,0,-1,-1,none,
279,0,-1,-1,none,
280,0,-1,-1,none,
281,0,-1,-1,none,
282,0,-1,-1,none,
283,0,-1,-1,none,
284,0,-1,-1,none,
285,0,-1,-1,none,
286,0,-1,-1,none,
287,0,-1,-1,none,
288,0,-1,-1,none,
289,0,-1,-1,none,
290,0,-1,-1,none,
291,0,-1,-1,none,
292,0,-1,-1,none,
293,0,-1,-1,none,
294,0,-1,-1,none,
295,0,-1,-1,none,
296,0,-1,-1,none,
297,0,-1,-1,none,
298,0,-1,-1,none,
299,0,-1,-1,none,
300,0,-1,-1,none,
301,0,-1,-1,none,
302,0,-1,-1,none,
303,0,-1,-1,none,
304,0,-1,-1,none,
305,0,-1,-1,none,
306,0,-1,-1,none,
307,0,-1,-1,none,
308,0,-1,-1,none,
309,0,-1,-1,none,
310,0,-1,-1,none,
311,0,-1,-1,none,
312,0,-1,-1,none,
313,0,-1,-1,none,
314,0,-1,-1,none,
315,0,-1,-1,none,
316,0,-1,-1,none,
317,0,-1,-1,none,
318,0,-1,-1,none,
319,0,-1,-1,none,
320,0,-1,-1,none,
321,0,-1,-1,none,
322,0,-1,-1,none,
323,0,-1,-1,none,
324,0,-1,-1,none,
325,0,-1,-1,none,
326,0,-1,-1,none,
327,0,-1,-1,none,
328,0,-1,-1,none,
329,0,-1,-1,none,
330,0,-1,-1,none,
331,0,-1,-1,none,
332,0,-1,-1,none,
333,0,-1,-1,none,
334,0,-1,-1,none,
335,0,-1,-1,none,
336,0,-1,-1,none,
337,0,-1,-1,none,
338,0,-1,-1,none,
339,0,-1,-1,none,
340,0,-1,-1,none,
341,0,-1,-1,none,
342,0,-1,-1,none,
343,0,-1,-1,none,
344,0,-1,-1,none,
345,0,-1,-1,none,
346,0,-1,-1,none,
347,0,-1,-1,none,
348,0,-1,-1,none,
349,0,-1,-1,none,
350,0,-1,-1,none,
351,0,-1,-1,none,
352,0,-1,-1,none,
353,0,-1,-1,none,
354,0,-1,-1,none,
355,0,-1,-1,none,
356,0,-1,-1,none,
357,0,-1,-1,none,
358,0,-1,-1,none,
359,0,-1,-1,none,
360,0,-1,-1,none,
361,0,-1,-1,none,
362,0,-1,-1,none,
363,0,-1,-1,none,
364,0,-1,-1,none,
365,0,-1,-1,none,
366,0,-1,-1,none,
367,0,-1,-1,none,
368,0,-1,-1,none,
369,0,-1,-1,none,
370,0,-1,-1,none,
371,0,-1,-1,none,
372,0,-1,-1,none,
373,0,-1,-1,none,
374,0,-1,-1,none,
375,0,-1,-1,none,
376,0,-1,-1,none,
377,0,-1,-1,none,
378,0,-1,-1,none,
379,0,-1,-1,none,
380,0,-1,-1,none,
381,0,-1,-1,none,
382,0,-1,-1,none,
383,0,-1,-1,none,
384,0,-1,-1,none,
385,0,-1,-1,none,
386,0,-1,-1,none,
387,0,-1,-1,none,
388,0,-1,-1,none,
389,0,-1,-1,none,
390,0,-1,-1,none,
391,0,-1,-1,none,
392,0,-1,-1,none,
393,0,-1,-1,none,
394,0,-1,-1,none,
395,0,-1,-1,none,
396,0,-1,-1,none,
397,0,-1,-1,none,
398,0,-1,-1,none,
399,0,-1,-1,none,
400,0,-1,-1,none,
401,0,-1,-1,none,
402,0,-1,-1,none,
403,0,-1,-1,none,
404,0,-1,-1,none,
405,0,-1,-1,none,
406,0,-1,-1,none,
407,0,-1,-1,none,
408,0,-1,-1,none,
409,0,-1,-1,none,
410,0,-1,-1,none,
411,0,-1,-1,none,
412,0,-1,-1,none,
413,0,-1,-1,none,
414,0,-1,-1,none,
415,0,-1,-1,none,
416,0,-1,-1,none,
417,0,-1,-1,none,
418,0,-1,-1,none,
419,0,-1,-1,none,
420,0,-1,-1,none,
421,0,-1,-1,none,
422,0,-1,-1,none,
423,0,-1,-1,none,
424,0,-1,-1,none,
425,0,-1,-1,none,
426,0,-1,-1,none,
427,0,-1,-1,none,
428,0,-1,-1,none,
429,0,-1,-1,none,
430,0,-1,-1,none,
431,0,-1,-1,none,
432,0,-1,-1,none,
433,0,-1,-1,none,
434,0,-1,-1,none,
435,0,-1,-1,none,
436,0,-1,-1,none,
437,0,-1,-1,none,
438,0,-1,-1,none,
439,0,-1,-1,none,
440,0,-1,-1,none,
441,0,-1,-1,none,
442,0,-1,-1,none,
443,0,-1,-1,none,
444,0,-1,-1,none,
445,0,-1,-1,none,
446,0,-1,-1,none,
447,0,-1,-1,none,
448,0,-1,-1,none,
449,0,-1,-1,none,
450,0,-1,-1,none,
451,0,-1,-1,none,
452,0,-1,-1,none,
453,0,-1,-1,none,
454,0,-1,-1,none,
455,0,-1,-1,none,
456,0,-1,-1,none,
457,0,-1,-1,none,
458,0,-1,-1,none,
459,0,-1,-1,none,
460,0,-1,-1,none,
461,0,-1,-1,none,
462,0,-1,-1,none,
463,0,-1,-1,none,
464,0,-1,-1,none,
465,0,-1,-1,none,
466,0,-1,-1,none,
467,0,-1,-1,none,
468,0,-1,-1,none,
469,0,-1,-1,none,
470,0,-1,-1,none,
471,0,-1,-1,none,
472,0,-1,-1,none,
473,0,-1,-1,none,
474,0,-1,-1,none,
475,0,-1,-1,none,
476,0,-1,-1,none,
477,0,-1,-1,none,
478,0,-1,-1,none,
479,0,-1,-1,none,
480,0,-1,-1,none,
481,0,-1,-1,none,
482,0,-1,-1,none,
483,0,-1,-1,none,
484,0,-1,-1,none,
485,0,-1,-1,none,
486,0,-1,-1,none,
487,0,-1,-1,none,
488,0,-1,-1,none,
489,0,-1,-1,none,
490,0,-1,-1,none,
491,0,-1,-1,none,
492,0,-1,-1,none,
493,0,-1,-1,none,
494,0,-1,-1,none,
495,0,-1,-1,none,
496,0,-1,-1,none,
497,0,-1,-1,none,
498,0,-1,-1,none,
499,0,-1,-1,none,
500,0,-1,-1,none,
501,0,-1,-1,none,
502,0,-1,-1,none,
503,0,-1,-1,none,
504,0,-1,-1,none,
505,0,-1,-1,none,
506,0,-1,-1,none,
507,0,-1,-1,none,
508,0,-1,-1,none,
509,0,-1,-1,none,
510,0,-1,-1,none,
511,0,-1,-1,none,
512,0,-1,-1,none,
513,0,-1,-1,none,
514,0,-1,-1,none,
515,0,-1,-1,none,
516,0,-1,-1,none,
517,0,-1,-1,none,
518,0,-1,-1,none,
519,0,-1,-1,none,
520,0,-1,-1,none,
521,0,-1,-1,none,
522,0,-1,-1,none,
523,0,-1,-1,none,
524,0,-1,-1,none,
525,0,-1,-1,none,
526,0,-1,-1,none,
527,0,-1,-1,none,
528,0,-1,-1,none,
529,0,-1,-1,none,
530,0,-1,-1,none,
531,0,-1,-1,none,
532,0,-1,-1,none,
533,0,-1,-1,none,
534,0,-1,-1,none,
535,0,-1,-1,none,
536,0,-1,-1,none,
537,0,-1,-1,none,
538,0,-1,-1,none,
539,0,-1,-1,none,
540,0,-1,-1,none,
541,0,-1,-1,none,
542,0,-1,-1,none,
543,0,-1,-1,none,
544,0,-1,-1,none,
545,0,-1,-1,none,
546,0,-1,-1,none,
547,0,-1,-1,none,
548,0,-1,-1,none,
549,0,-1,-1,none,
550,0,-1,-1,none,
551,0,-1,-1,none,
552,0,-1,-1,none,
553,0,-1,-1,none,
554,0,-1,-1,none,
555,0,-1,-1,none,
556,0,-1,-1,none,
557,0,-1,-1,none,
558,0,-1,-1,none,
559,0,-1,-1,none,
560,0,-1,-1,none,
561,0,-1,-1,none,
562,0,-1,-1,none,
563,0,-1,-1,none,
564,0,-1,-1,none,
565,0,-1,-1,none,
566,0,-1,-1,none,
567,0,-1,-1,none,
568,0,-1,-1,none,
569,0,-1,-1,none,
570,0,-1,-1,none,
571,0,-1,-1,none,
572,0,-1,-1,none,
573,0,-1,-1,none,
574,0,-1,-1,none,
575,0,-1,-1,none,
576,0,-1,-1,none,
577,0,-1,-1,none,
578,0,-1,-1,none,
579,0,-1,-1,none,
580,0,-1,-1,none,
581,0,-1,-1,none,
582,0,-1,-1,none,
583,0,-1,-1,none,
584,0,-1,-1,none,
585,0,-1,-1,none,
586,0,-1,-1,none,
587,0,-1,-1,none,
588,0,-1,-1,none,
589,0,-1,-1,none,
590,0,-1,-1,none,
591,0,-1,-1,none,
592,0,-1,-1,none,
593,0,-1,-1,none,
594,0,-1,-1,none,
595,0,-1,-1,none,
596,0,-1,-1,none,
597,0,-1,-1,none,
598,0,-1,-1,none,
599,0,-1,-1,none,
600,0,-1,-1,none,
601,0,-1,-1,none,
602,0,-1,-1,none,
603,0,-1,-1,none,
604,0,-1,-1,none,
605,0,-1,-1,none,
606,0,-1,-1,none,
607,0,-1,-1,none,
608,0,-1,-1,none,
609,0,-1,-1,none,
610,0,-1,-1,none,
611,0,-1,-1,none,
612,0,-1,-1,none,
613,0,-1,-1,none,
614,0,-1,-1,none,
615,0,-1,-1,none,
616,0,-1,-1,none,
617,0,-1,-1,none,
618,0,-1,-1,none,
619,0,-1,-1,none,
620,0,-1,-1,none,
621,0,-1,-1,none,
622,0,-1,-1,none,
623,0,-1,-1,none,
624,0,-1,-1,none,
625,0,-1,-1,none,
626,0,-1,-1,none,
627,0,-1,-1,none,
628,0,-1,-1,none,
629,0,-1,-1,none,
630,0,-1,-1,none,
631,0,-1,-1,none,
632,0,-1,-1,none,
633,0,-1,-1,none,
634,0,-1,-1,none,
635,0,-1,-1,none,
636,0,-1,-1,none,
637,0,-1,-1,none,
638,0,-1,-1,none,
639,0,-1,-1,none,
640,0,-1,-1,none,
641,0,-1,-1,none,
642,0,-1,-1,none,
643,0,-1,-1,none,
644,0,-1,-1,none,
645,0,-1,-1,none,
646,0,-1,-1,none,
647,0,-1,-1,none,
648,0,-1,-1,none,
649,0,-1,-1,none,
650,0,-1,-1,none,
651,0,-1,-1,none,
652,0,-1,-1,none,
653,0,-1,-1,none,
654,0,-1,-1,none,
655,0,-1,-1,none,
656,0,-1,-1,none,
657,0,-1,-1,none,
658,0,-1,-1,none,
659,0,-1,-1,none,
660,0,-1,-1,none,
661,0,-1,-1,none,
662,0,-1,-1,none,
663,0,-1,-1,none,
664,0,-1,-1,none,
665,0,-1,-1,none,
666,0,-1,-1,none,
667,0,-1,-1,none,
668,0,-1,-1,none,
669,0,-1,-1,none,
670,0,-1,-1,none,
671,0,-1,-1,none,
672,0,-1,-1,none,
673,0,-1,-1,none,
674,0,-1,-1,none,
675,0,-1,-1,none,
676,0,-1,-1,none,
677,0,-1,-1,none,
678,0,-1,-1,none,
679,0,-1,-1,none,
680,0,-1,-1,none,
681,0,-1,-1,none,
682,0,-1,-1,none,
683,0,-1,-1,none,
684,0,-1,-1,none,
685,0,-1,-1,none,
686,0,-1,-1,none,
687,0,-1,-1,none,
688,0,-1,-1,none,
689,0,-1,-1,none,
690,0,-1,-1,none,
691,0,-1,-1,none,
692,0,-1,-1,none,
693,0,-1,-1,none,
694,0,-1,-1,none,
695,0,-1,-1,none,
696,0,-1,-1,none,
697,0,-1,-1,none,
698,0,-1,-1,none,
699,0,-1,-1,none,
700,0,-1,-1,none,
701,0,-1,-1,none,
702,0,-1,-1,none,
703,0,-1,-1,none,
704,0,-1,-1,none,
705,0,-1,-1,none,
706,0,-1,-1,none,
707,0,-1,-1,none,
708,0,-1,-1,none,
709,0,-1,-1,none,
710,0,-1,-1,none,
711,0,-1,-1,none,
712,0,-1,-1,none,
713,0,-1,-1,none,
714,0,-1,-1,none,
715,0,-1,-1,none,
716,0,-1,-1,none,
717,0,-1,-1,none,
718,0,-1,-1,none,
719,0,-1,-1,none,
720,0,-1,-1,none,
721,0,-1,-1,none,
722,0,-1,-1,none,
723,0,-1,-1,none,
724,0,-1,-1,none,
725,0,-1,-1,none,
726,0,-1,-1,none,
727,0,-1,-1,none,
728,0,-1,-1,none,
729,0,-1,-1,none,
730,0,-1,-1,none,
731,0,-1,-1,none,
732,0,-1,-1,none,
733,0,-1,-1,none,
734,0,-1,-1,none,
735,0,-1,-1,none,
736,0,-1,-1,none,
737,0,-1,-1,none,
738,0,-1,-1,none,
739,0,-1,-1,none,
740,0,-1,-1,none,
741,0,-1,-1,none,
742,0,-1,-1,none,
743,0,-1,-1,none,
744,0,-1,-1,none,
745,0,-1,-1,none,
746,0,-1,-1,none,
747,0,-1,-1,none,
748,0,-1,-1,none,
749,0,-1,-1,none,
750,0,-1,-1,none,
751,0,-1,-1,none,
752,0,-1,-1,none,
753,0,-1,-1,none,
754,0,-1,-1,none,
755,0,-1,-1,none,
756,0,-1,-1,none,
757,0,-1,-1,none,
758,0,-1,-1,none,
759,0,-1,-1,none,
760,0,-1,-1,none,
761,0,-1,-1,none,
762,0,-1,-1,none,
763,0,-1,-1,none,
764,0,-1,-1,none,
765,0,-1,-1,none,
766,0,-1,-1,none,
767,0,-1,-1,none,
768,0,-1,-1,none,
769,0,-1,-1,none,
770,0,-1,-1,none,
771,0,-1,-1,none,
772,0,-1,-1,none,
773,0,-1,-1,none,
774,0,-1,-1,none,
775,0,-1,-1,none,
776,0,-1,-1,none,
777,0,-1,-1,none,
778,0,-1,-1,none,
779,0,-1,-1,none,
780,0,-1,-1,none,
781,0,-1,-1,none,
782,0,-1,-1,none,
783,0,-1,-1,none,
784,0,-1,-1,none,
785,0,-1,-1,none,
786,0,-1,-1,none,
787,0,-1,-1,none,
788,0,-1,-1,none,
789,0,-1,-1,none,
790,0,-1,-1,none,
791,0,-1,-1,none,
792,0,-1,-1,none,
793,0,-1,-1,none,
794,0,-1,-1,none,
795,0,-1,-1,none,
796,0,-1,-1,none,
797,0,-1,-1,none,
798,0,-1,-1,none,
799,0,-1,-1,none,
800,0,-1,-1,none,
801,0,-1,-1,none,
802,0,-1,-1,none,
803,0,-1,-1,none,
804,0,-1,-1,none,
805,0,-1,-1,none,
806,0,-1,-1,none,
807,0,-1,-1,none,
808,0,-1,-1,none,
809,0,-1,-1,none,
810,0,-1,-1,none,
811,0,-1,-1,none,
812,0,-1,-1,none,
813,0,-1,-1,none,
814,0,-1,-1,none,
815,0,-1,-1,none,
816,0,-1,-1,none,
817,0,-1,-1,none,
818,0,-1,-1,none,
819,0,-1,-1,none,
820,0,-1,-1,none,
821,0,-1,-1,none,
822,0,-1,-1,none,
823,0,-1,-1,none,
824,0,-1,-1,none,
825,0,-1,-1,none,
826,0,-1,-1,none,
827,0,-1,-1,none,
828,0,-1,-1,none,
829,0,-1,-1,none,
830,0,-1,-1,none,
831,0,-1,-1,none,
832,0,-1,-1,none,
833,0,-1,-1,none,
834,0,-1,-1,none,
835,0,-1,-1,none,
836,0,-1,-1,none,
837,0,-1,-1,none,
838,0,-1,-1,none,
839,0,-1,-1,none,
840,0,-1,-1,none,
841,0,-1,-1,none,
842,0,-1,-1,none,
843,0,-1,-1,none,
844,0,-1,-1,none,
845,0,-1,-1,none,
846,0,-1,-1,none,
847,0,-1,-1,none,
848,0,-1,-1,none,
849,0,-1,-1,none,
850,0,-1,-1,none,
851,0,-1,-1,none,
852,0,-1,-1,none,
853,0,-1,-1,none,
854,0,-1,-1,none,
855,0,-1,-1,none,
856,0,-1,-1,none,
857,0,-1,-1,none,
858,0,-1,-1,none,
859,0,-1,-1,none,
860,0,-1,-1,none,
861,0,-1,-1,none,
862,0,-1,-1,none,
863,0,-1,-1,none,
864,0,-1,-1,none,
865,0,-1,-1,none,
866,0,-1,-1,none,
867,0,-1,-1,none,
868,0,-1,-1,none,
869,0,-1,-1,none,
870,0,-1,-1,none,
871,0,-1,-1,none,
872,0,-1,-1,none,
873,0,-1,-1,none,
874,0,-1,-1,none,
875,0,-1,-1,none,
876,0,-1,-1,none,
877,0,-1,-1,none,
878,0,-1,-1,none,
879,0,-1,-1,none,
880,0,-1,-1,none,
881,0,-1,-1,none,
882,0,-1,-1,none,
883,0,-1,-1,none,
884,0,-1,-1,none,
885,0,-1,-1,none,
886,0,-1,-1,none,
887,0,-1,-1,none,
888,0,-1,-1,none,
889,0,-1,-1,none,
890,0,-1,-1,none,
891,0,-1,-1,none,
892,0,-1,-1,none,
893,0,-1,-1,none,
894,0,-1,-1,none,
895,0,-1,-1,none,
896,0,-1,-1,none,
897,0,-1,-1,none,
898,0,-1,-1,none,
899,0,-1,-1,none,
900,0,-1,-1,none,
901,0,-1,-1,none,
902,0,-1,-1,none,
903,0,-1,-1,none,
904,0,-1,-1,none,
905,0,-1,-1,none,
906,0,-1,-1,none,
907,0,-1,-1,none,
908,0,-1,-1,none,
909,0,-1,-1,none,
910,0,-1,-1,none,
911,0,-1,-1,none,
912,0,-1,-1,none,
913,0,-1,-1,none,
914,0,-1,-1,none,
915,0,-1,-1,none,
916,0,-1,-1,none,
917,0,-1,-1,none,
918,0,-1,-1,none,
919,0,-1,-1,none,
920,0,-1,-1,none,
921,0,-1,-1,none,
922,0,-1,-1,none,
923,0,-1,-1,none,
924,0,-1,-1,none,
925,0,-1,-1,none,
926,0,-1,-1,none,
927,0,-1,-1,none,
928,0,-1,-1,none,
929,0,-1,-1,none,
930,0,-1,-1,none,
931,0,-1,-1,none,
932,0,-1,-1,none,
933,0,-1,-1,none,
934,0,-1,-1,none,
935,0,-1,-1,none,
936,0,-1,-1,none,
937,0,-1,-1,none,
938,0,-1,-1,none,
939,0,-1,-1,none,
940,0,-1,-1,none,
941,0,-1,-1,none,
942,0,-1,-1,none,
943,0,-1,-1,none,
944,0,-1,-1,none,
945,0,-1,-1,none,
946,0,-1,-1,none,
947,0,-1,-1,none,
948,0,-1,-1,none,
949,0,-1,-1,none,
950,0,-1,-1,none,
951,0,-1,-1,none,
952,0,-1,-1,none,
953,0,-1,-1,none,
954,0,-1,-1,none,
955,0,-1,-1,none,
956,0,-1,-1,none,
957,0,-1,-1,none,
958,0,-1,-1,none,
959,0,-1,-1,none,
960,0,-1,-1,none,
961,0,-1,-1,none,
962,0,-1,-1,none,
963,0,-1,-1,none,
964,0,-1,-1,none,
965,0,-1,-1,none,
966,0,-1,-1,none,
967,0,-1,-1,none,
968,0,-1,-1,none,
969,0,-1,-1,none,
970,0,-1,-1,none,
971,0,-1,-1,none,
972,0,-1,-1,none,
973,0,-1,-1,none,
974,0,-1,-1,none,
975,0,-1,-1,none,
976,0,-1,-1,none,
977,0,-1,-1,none,
978,0,-1,-1,none,
979,0,-1,-1,none,
980,0,-1,-1,none,
981,0,-1,-1,none,
982,0,-1,-1,none,
983,0,-1,-1,none,
984,0,-1,-1,none,
985,0,-1,-1,none,
986,0,-1,-1,none,
987,0,-1,-1,none,
988,0,-1,-1,none,
989,0,-1,-1,none,
990,0,-1,-1,none,
991,0,-1,-1,none,
992,0,-1,-1,none,
993,0,-1,-1,none,
994,0,-1,-1,none,
995,0,-1,-1,none,
996,0,-1,-1,none,
997,0,-1,-1,none,
998,0,-1,-1,none,
999,0,-1,-1,none,
1000,0,-1,-1,none,
1001,0,-1,-1,none,
1002,0,-1,-1,none,
1003,0,-1,-1,none,
1004,0,-1,-1,none,
1005,0,-1,-1,none,
1006,0,-1,-1,none,
1007,0,-1,-1,none,
1008,0,-1,-1,none,
1009,0,-1,-1,none,
1010,0,-1,-1,none,
1011,0,-1,-1,none,
1012,0,-1,-1,none,
1013,0,-1,-1,none,
1014,0,-1,-1,none,
1015,0,-1,-1,none,
1016,0,-1,-1,none,
1017,0,-1,-1,none,
1018,0,-1,-1,none,
1019,0,-1,-1,none,
1020,0,-1,-1,none,
1021,0,-1,-1,none,
1022,0,-1,-1,none,
1023,0,-1,-1,none,
1024,0,-1,-1,none,
1025,0,-1,-1,none,
1026,0,-1,-1,none,
1027,0,-1,-1,none,
1028,0,-1,-1,none,
1029,0,-1,-1,none,
1030,0,-1,-1,none,
1031,0,-1,-1,none,
1032,0,-1,-1,none,
1033,0,-1,-1,none,
1034,0,-1,-1,none,
1035,0,-1,-1,none,
1036,0,-1,-1,none,
1037,0,-1,-1,none,
1038,0,-1,-1,none,
1039,0,-1,-1,none,
1040,0,-1,-1,none,
1041,0,-1,-1,none,
1042,0,-1,-1,none,
1043,0,-1,-1,none,
1044,0,-1,-1,none,
1045,0,-1,-1,none,
1046,0,-1,-1,none,
1047,0,-1,-1,none,
1048,0,-1,-1,none,
1049,0,-1,-1,none,
1050,0,-1,-1,none,
1051,0,-1,-1,none,
1052,0,-1,-1,none,
1053,0,-1,-1,none,
1054,0,-1,-1,none,
1055,0,-1,-1,none,
1056,0,-1,-1,none,
1057,0,-1,-1,none,
1058,0,-1,-1,none,
1059,0,-1,-1,none,
1060,0,-1,-1,none,
1061,0,-1,-1,none,
1062,0,-1,-1,none,
1063,0,-1,-1,none,
1064,0,-1,-1,none,
1065,0,-1,-1,none,
1066,0,-1,-1,none,
1067,0,-1,-1,none,
1068,0,-1,-1,none,
1069,0,-1,-1,none,
1070,0,-1,-1,none,
1071,0,-1,-1,none,
1072,0,-1,-1,none,
1073,0,-1,-1,none,
1074,0,-1,-1,none,
1075,0,-1,-1,none,
1076,0,-1,-1,none,
1077,0,-1,-1,none,
1078,0,-1,-1,none,
1079,0,-1,-1,none,
1080,0,-1,-1,none,
1081,0,-1,-1,none,
1082,0,-1,-1,none,
1083,0,-1,-1,none,
1084,0,-1,-1,none,
1085,0,-1,-1,none,
1086,0,-1,-1,none,
1087,0,-1,-1,none,
1088,0,-1,-1,none,
1089,0,-1,-1,none,
1090,0,-1,-1,none,
1091,0,-1,-1,none,
1092,0,-1,-1,none,
1093,0,-1,-1,none,
1094,0,-1,-1,none,
1095,0,-1,-1,none,
1096,0,-1,-1,none,
1097,0,-1,-1,none,
1098,0,-1,-1,none,
1099,0,-1,-1,none,
1100,0,-1,-1,none,
1101,0,-1,-1,none,
1102,0,-1,-1,none,
1103,0,-1,-1,none,
1104,0,-1,-1,none,
1105,0,-1,-1,none,
1106,0,-1,-1,none,
1107,0,-1,-1,none,
1108,0,-1,-1,none,
1109,0,-1,-1,none,
1110,0,-1,-1,none,
1111,0,-1,-1,none,
1112,0,-1,-1,none,
1113,0,-1,-1,none,
1114,0,-1,-1,none,
1115,0,-1,-1,none,
1116,0,-1,-1,none,
1117,0,-1,-1,none,
1118,0,-1,-1,none,
1119,0,-1,-1,none,
1120,0,-1,-1,none,
1121,0,-1,-1,none,
1122,0,-1,-1,none,
1123,0,-1,-1,none,
1124,0,-1,-1,none,
1125,0,-1,-1,none,
1126,0,-1,-1,none,
1127,0,-1,-1,none,
1128,0,-1,-1,none,
1129,0,-1,-1,none,
1130,0,-1,-1,none,
1131,0,-1,-1,none,
1132,0,-1,-1,none,
1133,0,-1,-1,none,
1134,0,-1,-1,none,
1135,0,-1,-1,none,
1136,0,-1,-1,none,
1137,0,-1,-1,none,
1138,0,-1,-1,none,
1139,0,-1,-1,none,
1140,0,-1,-1,none,
1141,0,-1,-1,none,
1142,0,-1,-1,none,
1143,0,-1,-1,none,
1144,0,-1,-1,none,
1145,0,-1,-1,none,
1146,0,-1,-1,none,
1147,0,-1,-1,none,
1148,0,-1,-1,none,
1149,0,-1,-1,none,
1150,0,-1,-1,none,
1151,0,-1,-1,none,
1152,0,-1,-1,none,
1153,0,-1,-1,none,
1154,0,-1,-1,none,
1155,0,-1,-1,none,
1156,0,-1,-1,none,
1157,0,-1,-1,none,
1158,0,-1,-1,none,
1159,0,-1,-1,none,
1160,0,-1,-1,none,
1161,0,-1,-1,none,
1162,0,-1,-1,none,
1163,0,-1,-1,none,
1164,0,-1,-1,none,
1165,0,-1,-1,none,
1166,0,-1,-1,none,
1167,0,-1,-1,none,
1168,0,-1,-1,none,
1169,0,-1,-1,none,
1170,0,-1,-1,none,
1171,0,-1,-1,none,
1172,0,-1,-1,none,
1173,0,-1,-1,none,
1174,0,-1,-1,none,
1175,0,-1,-1,none,
1176,0,-1,-1,none,
1177,0,-1,-1,none,
1178,0,-1,-1,none,
1179,0,-1,-1,none,
1180,0,-1,-1,none,
1181,0,-1,-1,none,
1182,0,-1,-1,none,
1183,0,-1,-1,none,
1184,0,-1,-1,none,
1185,0,-1,-1,none,
1186,0,-1,-1,none,
1187,0,-1,-1,none,
1188,0,-1,-1,none,
1189,0,-1,-1,none,
1190,0,-1,-1,none,
1191,0,-1,-1,none,
1192,0,-1,-1,none,
1193,0,-1,-1,none,
1194,0,-1,-1,none,
1195,0,-1,-1,none,
1196,0,-1,-1,none,
1197,0,-1,-1,none,
1198,0,-1,-1,none,
1199,0,-1,-1,none,
1200,0,-1,-1,none,
1201,0,-1,-1,none,
1202,0,-1,-1,none,
1203,0,-1,-1,none,
1204,0,-1,-1,none,
1205,0,-1,-1,none,
1206,0,-1,-1,none,
1207,0,-1,-1,none,
1208,0,-1,-1,none,
1209,0,-1,-1,none,
1210,0,-1,-1,none,
1211,0,-1,-1,none,
1212,0,-1,-1,none,
1213,0,-1,-1,none,
1214,0,-1,-1,none,
1215,0,-1,-1,none,
1216,0,-1,-1,none,
1217,0,-1,-1,none,
1218,0,-1,-1,none,
1219,0,-1,-1,none,
1220,0,-1,-1,none,
1221,0,-1,-1,none,
1222,0,-1,-1,none,
1223,0,-1,-1,none,
1224,0,-1,-1,none,
1225,0,-1,-1,none,
1226,0,-1,-1,none,
1227,0,-1,-1,none,
1228,0,-1,-1,none,
1229,0,-1,-1,none,
1230,0,-1,-1,none,
1231,0,-1,-1,none,
1232,0,-1,-1,none,
1233,0,-1,-1,none,
1234,0,-1,-1,none,
1235,0,-1,-1,none,
1236,0,-1,-1,none,
1237,0,-1,-1,none,
1238,0,-1,-1,none,
1239,0,-1,-1,none,
1240,0,-1,-1,none,
1241,0,-1,-1,none,
1242,0,-1,-1,none,
1243,0,-1,-1,none,
1244,0,-1,-1,none,
1245,0,-1,-1,none,
1246,0,-1,-1,none,
1247,0,-1,-1,none,
1248,0,-1,-1,none,
1249,0,-1,-1,none,
1250,0,-1,-1,none,
1251,0,-1,-1,none,
1252,0,-1,-1,none,
1253,0,-1,-1,none,
1254,0,-1,-1,none,
1255,0,-1,-1,none,
1256,0,-1,-1,none,
1257,0,-1,-1,none,
1258,0,-1,-1,none,
1259,0,-1,-1,none,
1260,0,-1,-1,none,
1261,0,-1,-1,none,
1262,0,-1,-1,none,
1263,0,-1,-1,none,
1264,0,-1,-1,none,
1265,0,-1,-1,none,
1266,0,-1,-1,none,
1267,0,-1,-1,none,
1268,0,-1,-1,none,
1269,0,-1,-1,none,
1270,0,-1,-1,none,
1271,0,-1,-1,none,
1272,0,-1,-1,none,
1273,0,-1,-1,none,
1274,0,-1,-1,none,
1275,0,-1,-1,none,
1276,0,-1,-1,none,
1277,0,-1,-1,none,
1278,0,-1,-1,none,
1279,0,-1,-1,none,
1280,0,-1,-1,none,
1281,0,-1,-1,none,
1282,0,-1,-1,none,
1283,0,-1,-1,none,
1284,0,-1,-1,none,
1285,0,-1,-1,none,
1286,0,-1,-1,none,
1287,0,-1,-1,none,
1288,0,-1,-1,none,
1289,0,-1,-1,none,
1290,0,-1,-1,none,
1291,0,-1,-1,none,
1292,0,-1,-1,none,
1293,0,-1,-1,none,
1294,0,-1,-1,none,
1295,0,-1,-1,none,
1296,0,-1,-1,none,
1297,0,-1,-1,none,
1298,0,-1,-1,none,
1299,0,-1,-1,none,
1300,0,-1,-1,none,
1301,0,-1,-1,none,
1302,0,-1,-1,none,
1303,0,-1,-1,none,
1304,0,-1,-1,none,
1305,0,-1,-1,none,
1306,0,-1,-1,none,
1307,0,-1,-1,none,
1308,0,-1,-1,none,
1309,0,-1,-1,none,
1310,0,-1,-1,none,
1311,0,-1,-1,none,
1312,0,-1,-1,none,
1313,0,-1,-1,none,
1314,0,-1,-1,none,
1315,0,-1,-1,none,
1316,0,-1,-1,none,
1317,0,-1,-1,none,
1318,0,-1,-1,none,
1319,0,-1,-1,none,
1320,0,-1,-1,none,
1321,0,-1,-1,none,
1322,0,-1,-1,none,
1323,0,-1,-1,none,
1324,0,-1,-1,none,
1325,0,-1,-1,none,
1326,0,-1,-1,none,
1327,0,-1,-1,none,
1328,0,-1,-1,none,
1329,0,-1,-1,none,
1330,0,-1,-1,none,
1331,0,-1,-1,none,
1332,0,-1,-1,none,
1333,0,-1,-1,none,
1334,0,-1,-1,none,
1335,0,-1,-1,none,
1336,0,-1,-1,none,
1337,0,-1,-1,none,
1338,0,-1,-1,none,
1339,0,-1,-1,none,
1340,0,-1,-1,none,
1341,0,-1,-1,none,
1342,0,-1,-1,none,
1343,0,-1,-1,none,
1344,0,-1,-1,none,
1345,0,-1,-1,none,
1346,0,-1,-1,none,
1347,0,-1,-1,none,
1348,0,-1,-1,none,
1349,0,-1,-1,none,
1350,0,-1,-1,none,
1351,0,-1,-1,none,
1352,0,-1,-1,none,
1353,0,-1,-1,none,
1354,0,-1,-1,none,
1355,0,-1,-1,none,
1356,0,-1,-1,none,
1357,0,-1,-1,none,
1358,0,-1,-1,none,
1359,0,-1,-1,none,
1360,0,-1,-1,none,
1361,0,-1,-1,none,
1362,0,-1,-1,none,
1363,0,-1,-1,none,
1364,0,-1,-1,none,
1365,0,-1,-1,none,
1366,0,-1,-1,none,
1367,0,-1,-1,none,
1368,0,-1,-1,none,
1369,0,-1,-1,none,
1370,0,-1,-1,none,
1371,0,-1,-1,none,
1372,0,-1,-1,none,
1373,0,-1,-1,none,
1374,0,-1,-1,none,
1375,0,-1,-1,none,
1376,0,-1,-1,none,
1377,0,-1,-1,none,
1378,0,-1,-1,none,
1379,0,-1,-1,none,
1380,0,-1,-1,none,
1381,0,-1,-1,none,
1382,0,-1,-1,none,
1383,0,-1,-1,none,
1384,0,-1,-1,none,
1385,0,-1,-1,none,
1386,0,-1,-1,none,
1387,0,-1,-1,none,
1388,0,-1,-1,none,
1389,0,-1,-1,none,
1390,0,-1,-1,none,
1391,0,-1,-1,none,
1392,0,-1,-1,none,
1393,0,-1,-1,none,
1394,0,-1,-1,none,
1395,0,-1,-1,none,
1396,0,-1,-1,none,
1397,0,-1,-1,none,
1398,0,-1,-1,none,
1399,0,-1,-1,none,
1400,0,-1,-1,none,
1401,0,-1,-1,none,
1402,0,-1,-1,none,
1403,0,-1,-1,none,
1404,0,-1,-1,none,
1405,0,-1,-1,none,
1406,0,-1,-1,none,
1407,0,-1,-1,none,
1408,0,-1,-1,none,
1409,0,-1,-1,none,
1410,0,-1,-1,none,
1411,0,-1,-1,none,
1412,0,-1,-1,none,
1413,0,-1,-1,none,
1414,0,-1,-1,none,
1415,0,-1,-1,none,
1416,0,-1,-1,none,
1417,0,-1,-1,none,
1418,0,-1,-1,none,
1419,0,-1,-1,none,
1420,0,-1,-1,none,
1421,0,-1,-1,none,
1422,0,-1,-1,none,
1423,0,-1,-1,none,
1424,0,-1,-1,none,
1425,0,-1,-1,none,
1426,0,-1,-1,none,
1427,0,-1,-1,none,
1428,0,-1,-1,none,
1429,0,-1,-1,none,
1430,0,-1,-1,none,
1431,0,-1,-1,none,
1432,0,-1,-1,none,
1433,0,-1,-1,none,
1434,0,-1,-1,none,
1435,0,-1,-1,none,
1436,0,-1,-1,none,
1437,0,-1,-1,none,
1438,0,-1,-1,none,
1439,0,-1,-1,none,
1440,0,-1,-1,none,
1441,0,-1,-1,none,
1442,0,-1,-1,none,
1443,0,-1,-1,none,
1444,0,-1,-1,none,
1445,0,-1,-1,none,
1446,0,-1,-1,none,
1447,0,-1,-1,none,
1448,0,-1,-1,none,
1449,0,-1,-1,none,
1450,0,-1,-1,none,
1451,0,-1,-1,none,
1452,0,-1,-1,none,
1453,0,-1,-1,none,
1454,0,-1,-1,none,
1455,0,-1,-1,none,
1456,0,-1,-1,none,
1457,0,-1,-1,none,
1458,0,-1,-1,none,
1459,0,-1,-1,none,
1460,0,-1,-1,none,
1461,0,-1,-1,none,
1462,0,-1,-1,none,
1463,0,-1,-1,none,
1464,0,-1,-1,none,
1465,0,-1,-1,none,
1466,0,-1,-1,none,
1467,0,-1,-1,none,
1468,0,-1,-1,none,
1469,0,-1,-1,none,
1470,0,-1,-1,none,
1471,0,-1,-1,none,
1472,0,-1,-1,none,
1473,0,-1,-1,none,
1474,0,-1,-1,none,
1475,0,-1,-1,none,
1476,0,-1,-1,none,
1477,0,-1,-1,none,
1478,0,-1,-1,none,
1479,0,-1,-1,none,
1480,0,-1,-1,none,
1481,0,-1,-1,none,
1482,0,-1,-1,none,
1483,0,-1,-1,none,
1484,0,-1,-1,none,
1485,0,-1,-1,none,
1486,0,-1,-1,none,
1487,0,-1,-1,none,
1488,0,-1,-1,none,
1489,0,-1,-1,none,
1490,0,-1,-1,none,
1491,0,-1,-1,none,
1492,0,-1,-1,none,
1493,0,-1,-1,none,
1494,0,-1,-1,none,
1495,0,-1,-1,none,
1496,0,-1,-1,none,
1497,0,-1,-1,none,
1498,0,-1,-1,none,
1499,0,-1,-1,none,
1500,0,-1,-1,none,
1501,0,-1,-1,none,
1502,0,-1,-1,none,
1503,0,-1,-1,none,
1504,0,-1,-1,none,
1505,0,-1,-1,none,
1506,0,-1,-1,none,
1507,0,-1,-1,none,
1508,0,-1,-1,none,
1509,0,-1,-1,none,
1510,0,-1,-1,none,
1511,0,-1,-1,none,
1512,0,-1,-1,none,
1513,0,-1,-1,none,
1514,0,-1,-1,none,
1515,0,-1,-1,none,
1516,0,-1,-1,none,
1517,0,-1,-1,none,
1518,0,-1,-1,none,
1519,0,-1,-1,none,
1520,0,-1,-1,none,
1521,0,-1,-1,none,
1522,0,-1,-1,none,
1523,0,-1,-1,none,
1524,0,-1,-1,none,
1525,0,-1,-1,none,
1526,0,-1,-1,none,
1527,0,-1,-1,none,
1528,0,-1,-1,none,
1529,0,-1,-1,none,
1530,0,-1,-1,none,
1531,0,-1,-1,none,
1532,0,-1,-1,none,
1533,0,-1,-1,none,
1534,0,-1,-1,none,
1535,0,-1,-1,none,
1536,0,-1,-1,none,
1537,0,-1,-1,none,
1538,0,-1,-1,none,
1539,0,-1,-1,none,
1540,0,-1,-1,none,
1541,0,-1,-1,none,
1542,0,-1,-1,none,
1543,0,-1,-1,none,
1544,0,-1,-1,none,
1545,0,-1,-1,none,
1546,0,-1,-1,none,
1547,0,-1,-1,none,
1548,0,-1,-1,none,
1549,0,-1,-1,none,
1550,0,-1,-1,none,
1551,0,-1,-1,none,
1552,0,-1,-1,none,
1553,0,-1,-1,none,
1554,0,-1,-1,none,
1555,0,-1,-1,none,
1556,0,-1,-1,none,
1557,0,-1,-1,none,
1558,0,-1,-1,none,
1559,0,-1,-1,none,
1560,0,-1,-1,none,
1561,0,-1,-1,none,
1562,0,-1,-1,none,
1563,0,-1,-1,none,
1564,0,-1,-1,none,
1565,0,-1,-1,none,
1566,0,-1,-1,none,
1567,0,-1,-1,none,
1568,0,-1,-1,none,
1569,0,-1,-1,none,
1570,0,-1,-1,none,
1571,0,-1,-1,none,
1572,0,-1,-1,none,
1573,0,-1,-1,none,
1574,0,-1,-1,none,
1575,0,-1,-1,none,
1576,0,-1,-1,none,
1577,0,-1,-1,none,
1578,0,-1,-1,none,
1579,0,-1,-1,none,
1580,0,-1,-1,none,
1581,0,-1,-1,none,
1582,0,-1,-1,none,
1583,0,-1,-1,none,
1584,0,-1,-1,none,
1585,0,-1,-1,none,
1586,0,-1,-1,none,
1587,0,-1,-1,none,
1588,0,-1,-1,none,
1589,0,-1,-1,none,
1590,0,-1,-1,none,
1591,0,-1,-1,none,
1592,0,-1,-1,none,
1593,0,-1,-1,none,
1594,0,-1,-1,none,
1595,0,-1,-1,none,
1596,0,-1,-1,none,
1597,0,-1,-1,none,
1598,0,-1,-1,none,
1599,0,-1,-1,none,
1600,0,-1,-1,none,
1601,0,-1,-1,none,
1602,0,-1,-1,none,
1603,0,-1,-1,none,
1604,0,-1,-1,none,
1605,0,-1,-1,none,
1606,0,-1,-1,none,
1607,0,-1,-1,none,
1608,0,-1,-1,none,
1609,0,-1,-1,none,
1610,0,-1,-1,none,
1611,0,-1,-1,none,
1612,0,-1,-1,none,
1613,0,-1,-1,none,
1614,0,-1,-1,none,
1615,0,-1,-1,none,
1616,0,-1,-1,none,
1617,0,-1,-1,none,
1618,0,-1,-1,none,
1619,0,-1,-1,none,
1620,0,-1,-1,none,
1621,0,-1,-1,none,
1622,0,-1,-1,none,
1623,0,-1,-1,none,
1624,0,-1,-1,none,
1625,0,-1,-1,none,
1626,0,-1,-1,none,
1627,0,-1,-1,none,
1628,0,-1,-1,none,
1629,0,-1,-1,none,
1630,0,-1,-1,none,
1631,0,-1,-1,none,
1632,0,-1,-1,none,
1633,0,-1,-1,none,
1634,0,-1,-1,none,
1635,0,-1,-1,none,
1636,0,-1,-1,none,
1637,0,-1,-1,none,
1638,0,-1,-1,none,
1639,0,-1,-1,none,
1640,0,-1,-1,none,
1641,0,-1,-1,none,
1642,0,-1,-1,none,
1643,0,-1,-1,none,
1644,0,-1,-1,none,
1645,0,-1,-1,none,
1646,0,-1,-1,none,
1647,0,-1,-1,none,
1648,0,-1,-1,none,
1649,0,-1,-1,none,
1650,0,-1,-1,none,
1651,0,-1,-1,none,
1652,0,-1,-1,none,
1653,0,-1,-1,none,
1654,0,-1,-1,none,
1655,0,-1,-1,none,
1656,0,-1,-1,none,
1657,0,-1,-1,none,
1658,0,-1,-1,none,
1659,0,-1,-1,none,
1660,0,-1,-1,none,
1661,0,-1,-1,none,
1662,0,-1,-1,none,
1663,0,-1,-1,none,
1664,0,-1,-1,none,
1665,0,-1,-1,none,
1666,0,-1,-1,none,
1667,0,-1,-1,none,
1668,0,-1,-1,none,
1669,0,-1,-1,none,
1670,0,-1,-1,none,
1671,0,-1,-1,none,
1672,0,-1,-1,none,
1673,0,-1,-1,none,
1674,0,-1,-1,none,
1675,0,-1,-1,none,
1676,0,-1,-1,none,
1677,0,-1,-1,none,
1678,0,-1,-1,none,
1679,0,-1,-1,none,
1680,0,-1,-1,none,
1681,0,-1,-1,none,
1682,0,-1,-1,none,
1683,0,-1,-1,none,
1684,0,-1,-1,none,
1685,0,-1,-1,none,
1686,0,-1,-1,none,
1687,0,-1,-1,none,
1688,0,-1,-1,none,
1689,0,-1,-1,none,
1690,0,-1,-1,none,
1691,0,-1,-1,none,
1692,0,-1,-1,none,
1693,0,-1,-1,none,
1694,0,-1,-1,none,
1695,0,-1,-1,none,
1696,0,-1,-1,none,
1697,0,-1,-1,none,
1698,0,-1,-1,none,
1699,0,-1,-1,none,
1700,0,-1,-1,none,
1701,0,-1,-1,none,
1702,0,-1,-1,none,
1703,0,-1,-1,none,
1704,0,-1,-1,none,
1705,0,-1,-1,none,
1706,0,-1,-1,none,
1707,0,-1,-1,none,
1708,0,-1,-1,none,
1709,0,-1,-1,none,
1710,0,-1,-1,none,
1711,0,-1,-1,none,
1712,0,-1,-1,none,
1713,0,-1,-1,none,
1714,0,-1,-1,none,
1715,0,-1,-1,none,
1716,0,-1,-1,none,
1717,0,-1,-1,none,
1718,0,-1,-1,none,
1719,0,-1,-1,none,
1720,0,-1,-1,none,
1721,0,-1,-1,none,
1722,0,-1,-1,none,
1723,0,-1,-1,none,
1724,0,-1,-1,none,
1725,0,-1,-1,none,
1726,0,-1,-1,none,
1727,0,-1,-1,none,
1728,0,-1,-1,none,
1729,0,-1,-1,none,
1730,0,-1,-1,none,
1731,0,-1,-1,none,
1732,0,-1,-1,none,
1733,0,-1,-1,none,
1734,0,-1,-1,none,
1735,0,-1,-1,none,
1736,0,-1,-1,none,
1737,0,-1,-1,none,
1738,0,-1,-1,none,
1739,0,-1,-1,none,
1740,0,-1,-1,none,
1741,0,-1,-1,none,
1742,0,-1,-1,none,
1743,0,-1,-1,none,
1744,0,-1,-1,none,
1745,0,-1,-1,none,
1746,0,-1,-1,none,
1747,0,-1,-1,none,
1748,0,-1,-1,none,
1749,0,-1,-1,none,
1750,0,-1,-1,none,
1751,0,-1,-1,none,
1752,0,-1,-1,none,
1753,0,-1,-1,none,
1754,0,-1,-1,none,
1755,0,-1,-1,none,
1756,0,-1,-1,none,
1757,0,-1,-1,none,
1758,0,-1,-1,none,
1759,0,-1,-1,none,
1760,0,-1,-1,none,
1761,0,-1,-1,none,
1762,0,-1,-1,none,
1763,0,-1,-1,none,
1764,0,-1,-1,none,
1765,0,-1,-1,none,
1766,0,-1,-1,none,
1767,0,-1,-1,none,
1768,0,-1,-1,none,
1769,0,-1,-1,none,
1770,0,-1,-1,none,
1771,0,-1,-1,none,
1772,0,-1,-1,none,
1773,0,-1,-1,none,
1774,0,-1,-1,none,
1775,0,-1,-1,none,
1776,0,-1,-1,none,
1777,0,-1,-1,none,
1778,0,-1,-1,none,
1779,0,-1,-1,none,
1780,0,-1,-1,none,
1781,0,-1,-1,none,
1782,0,-1,-1,none,
1783,0,-1,-1,none,
1784,0,-1,-1,none,
1785,0,-1,-1,none,
1786,0,-1,-1,none,
1787,0,-1,-1,none,
1788,0,-1,-1,none,
1789,0,-1,-1,none,
1790,0,-1,-1,none,
1791,0,-1,-1,none,
1792,0,-1,-1,none,
1793,0,-1,-1,none,
1794,0,-1,-1,none,
1795,0,-1,-1,none,
1796,0,-1,-1,none,
1797,0,-1,-1,none,
1798,0,-1,-1,none,
1799,0,-1,-1,none,
1800,0,-1,-1,none,
1801,0,-1,-1,none,
1802,0,-1,-1,none,
1803,0,-1,-1,none,
1804,0,-1,-1,none,
1805,0,-1,-1,none,
1806,0,-1,-1,none,
1807,0,-1,-1,none,
1808,0,-1,-1,none,
1809,0,-1,-1,none,
1810,0,-1,-1,none,
1811,0,-1,-1,none,
1812,0,-1,-1,none,
1813,0,-1,-1,none,
1814,0,-1,-1,none,
1815,0,-1,-1,none,
1816,0,-1,-1,none,
1817,0,-1,-1,none,
1818,0,-1,-1,none,
1819,0,-1,-1,none,
1820,0,-1,-1,none,
1821,0,-1,-1,none,
1822,0,-1,-1,none,
1823,0,-1,-1,none,
1824,0,-1,-1,none,
1825,0,-1,-1,none,
1826,0,-1,-1,none,
1827,0,-1,-1,none,
1828,0,-1,-1,none,
1829,0,-1,-1,none,
1830,0,-1,-1,none,
1831,0,-1,-1,none,
1832,0,-1,-1,none,
1833,0,-1,-1,none,
1834,0,-1,-1,none,
1835,0,-1,-1,none,
1836,0,-1,-1,none,
1837,0,-1,-1,none,
1838,0,-1,-1,none,
1839,0,-1,-1,none,
1840,0,-1,-1,none,
1841,0,-1,-1,none,
1842,0,-1,-1,none,
1843,0,-1,-1,none,
1844,0,-1,-1,none,
1845,0,-1,-1,none,
1846,0,-1,-1,none,
1847,0,-1,-1,none,
1848,0,-1,-1,none,
1849,0,-1,-1,none,
1850,0,-1,-1,none,
1851,0,-1,-1,none,
1852,0,-1,-1,none,
1853,0,-1,-1,none,
1854,0,-1,-1,none,
1855,0,-1,-1,none,
1856,0,-1,-1,none,
1857,0,-1,-1,none,
1858,0,-1,-1,none,
1859,0,-1,-1,none,
1860,0,-1,-1,none,
1861,0,-1,-1,none,
1862,0,-1,-1,none,
1863,0,-1,-1,none,
1864,0,-1,-1,none,
1865,0,-1,-1,none,
1866,0,-1,-1,none,
1867,0,-1,-1,none,
1868,0,-1,-1,none,
1869,0,-1,-1,none,
1870,0,-1,-1,none,
1871,0,-1,-1,none,
1872,0,-1,-1,none,
1873,0,-1,-1,none,
1874,0,-1,-1,none,
1875,0,-1,-1,none,
1876,0,-1,-1,none,
1877,0,-1,-1,none,
1878,0,-1,-1,none,
1879,0,-1,-1,none,
1880,0,-1,-1,none,
1881,0,-1,-1,none,
1882,0,-1,-1,none,
1883,0,-1,-1,none,
1884,0,-1,-1,none,
1885,0,-1,-1,none,
1886,0,-1,-1,none,
1887,0,-1,-1,none,
1888,0,-1,-1,none,
1889,0,-1,-1,none,
1890,0,-1,-1,none,
1891,0,-1,-1,none,
1892,0,-1,-1,none,
1893,0,-1,-1,none,
1894,0,-1,-1,none,
1895,0,-1,-1,none,
1896,0,-1,-1,none,
1897,0,-1,-1,none,
1898,0,-1,-1,none,
1899,0,-1,-1,none,
1900,0,-1,-1,none,
1901,0,-1,-1,none,
1902,0,-1,-1,none,
1903,0,-1,-1,none,
1904,0,-1,-1,none,
1905,0,-1,-1,none,
1906,0,-1,-1,none,
1907,0,-1,-1,none,
1908,0,-1,-1,none,
1909,0,-1,-1,none,
1910,0,-1,-1,none,
1911,0,-1,-1,none,
1912,0,-1,-1,none,
1913,0,-1,-1,none,
1914,0,-1,-1,none,
1915,0,-1,-1,none,
1916,0,-1,-1,none,
1917,0,-1,-1,none,
1918,0,-1,-1,none,
1919,0,-1,-1,none,
1920,0,-1,-1,none,
1921,0,-1,-1,none,
1922,0,-1,-1,none,
1923,0,-1,-1,none,
1924,0,-1,-1,none,
1925,0,-1,-1,none,
1926,0,-1,-1,none,
1927,0,-1,-1,none,
1928,0,-1,-1,none,
1929,0,-1,-1,none,
1930,0,-1,-1,none,
1931,0,-1,-1,none,
1932,0,-1,-1,none,
1933,0,-1,-1,none,
1934,0,-1,-1,none,
1935,0,-1,-1,none,
1936,0,-1,-1,none,
1937,0,-1,-1,none,
1938,0,-1,-1,none,
1939,0,-1,-1,none,
1940,0,-1,-1,none,
1941,0,-1,-1,none,
1942,0,-1,-1,none,
1943,0,-1,-1,none,
1944,0,-1,-1,none,
1945,0,-1,-1,none,
1946,0,-1,-1,none,
1947,0,-1,-1,none,
1948,0,-1,-1,none,
1949,0,-1,-1,none,
1950,0,-1,-1,none,
1951,0,-1,-1,none,
1952,0,-1,-1,none,
1953,0,-1,-1,none,
1954,0,-1,-1,none,
1955,0,-1,-1,none,
1956,0,-1,-1,none,
1957,0,-1,-1,none,
1958,0,-1,-1,none,
1959,0,-1,-1,none,
1960,0,-1,-1,none,
1961,0,-1,-1,none,
1962,0,-1,-1,none,
1963,0,-1,-1,none,
1964,0,-1,-1,none,
1965,0,-1,-1,none,
1966,0,-1,-1,none,
1967,0,-1,-1,none,
1968,0,-1,-1,none,
1969,0,-1,-1,none,
1970,0,-1,-1,none,
1971,0,-1,-1,none,
1972,0,-1,-1,none,
1973,0,-1,-1,none,
1974,0,-1,-1,none,
1975,0,-1,-1,none,
1976,0,-1,-1,none,
1977,0,-1,-1,none,
1978,0,-1,-1,none,
1979,0,-1,-1,none,
1980,0,-1,-1,none,
1981,0,-1,-1,none,
1982,0,-1,-1,none,
1983,0,-1,-1,none,
1984,0,-1,-1,none,
1985,0,-1,-1,none,
1986,0,-1,-1,none,
1987,0,-1,-1,none,
1988,0,-1,-1,none,
1989,0,-1,-1,none,
1990,0,-1,-1,none,
1991,0,-1,-1,none,
1992,0,-1,-1,none,
1993,0,-1,-1,none,
1994,0,-1,-1,none,
1995,0,-1,-1,none,
1996,0,-1,-1,none,
1997,0,-1,-1,none,
1998,0,-1,-1,none,
1999,0,-1,-1,none,
2000,0,-1,-1,none,
2001,0,-1,-1,none,
2002,0,-1,-1,none,
2003,0,-1,-1,none,
2004,0,-1,-1,none,
2005,0,-1,-1,none,
2006,0,-1,-1,none,
2007,0,-1,-1,none,
2008,0,-1,-1,none,
2009,0,-1,-1,none,
2010,0,-1,-1,none,
2011,0,-1,-1,none,
2012,0,-1,-1,none,
2013,0,-1,-1,none,
2014,0,-1,-1,none,
2015,0,-1,-1,none,
2016,0,-1,-1,none,
2017,0,-1,-1,none,
2018,0,-1,-1,none,
2019,0,-1,-1,none,
2020,0,-1,-1,none,
2021,0,-1,-1,none,
2022,0,-1,-1,none,
2023,0,-1,-1,none,
2024,0,-1,-1,none,
2025,0,-1,-1,none,
2026,0,-1,-1,none,
2027,0,-1,-1,none,
2028,0,-1,-1,none,
2029,0,-1,-1,none,
2030,0,-1,-1,none,
2031,0,-1,-1,none,
2032,0,-1,-1,none,
2033,0,-1,-1,none,
2034,0,-1,-1,none,
2035,0,-1,-1,none,
2036,0,-1,-1,none,
2037,0,-1,-1,none,
2038,0,-1,-1,none,
2039,0,-1,-1,none,
2040,0,-1,-1,none,
2041,0,-1,-1,none,
2042,0,-1,-1,none,
2043,0,-1,-1,none,
2044,0,-1,-1,none,
2045,0,-1,-1,none,
2046,0,-1,-1,none,
2047,0,-1,-1,none,
2048,0,-1,-1,none,
2049,0,-1,-1,none,
2050,0,-1,-1,none,
2051,0,-1,-1,none,
2052,0,-1,-1,none,
2053,0,-1,-1,none,
2054,0,-1,-1,none,
2055,0,-1,-1,none,
2056,0,-1,-1,none,
2057,0,-1,-1,none,
2058,0,-1,-1,none,
2059,0,-1,-1,none,
2060,0,-1,-1,none,
2061,0,-1,-1,none,
2062,0,-1,-1,none,
2063,0,-1,-1,none,
2064,0,-1,-1,none,
2065,0,-1,-1,none,
2066,0,-1,-1,none,
2067,0,-1,-1,none,
2068,0,-1,-1,none,
2069,0,-1,-1,none,
2070,0,-1,-1,none,
2071,0,-1,-1,none,
2072,0,-1,-1,none,
2073,0,-1,-1,none,
2074,0,-1,-1,none,
2075,0,-1,-1,none,
2076,0,-1,-1,none,
2077,0,-1,-1,none,
2078,0,-1,-1,none,
2079,0,-1,-1,none,
2080,0,-1,-1,none,
2081,0,-1,-1,none,
2082,0,-1,-1,none,
2083,0,-1,-1,none,
2084,0,-1,-1,none,
2085,0,-1,-1,none,
2086,0,-1,-1,none,
2087,0,-1,-1,none,
2088,0,-1,-1,none,
2089,0,-1,-1,none,
2090,0,-1,-1,none,
2091,0,-1,-1,none,
2092,0,-1,-1,none,
2093,0,-1,-1,none,
2094,0,-1,-1,none,
2095,0,-1,-1,none,
2096,0,-1,-1,none,
2097,0,-1,-1,none,
2098,0,-1,-1,none,
2099,0,-1,-1,none,
2100,0,-1,-1,none,
2101,0,-1,-1,none,
2102,0,-1,-1,none,
2103,0,-1,-1,none,
2104,0,-1,-1,none,
2105,0,-1,-1,none,
2106,0,-1,-1,none,
2107,0,-1,-1,none,
2108,0,-1,-1,none,
2109,0,-1,-1,none,
2110,0,-1,-1,none,
2111,0,-1,-1,none,
2112,0,-1,-1,none,
2113,0,-1,-1,none,
2114,0,-1,-1,none,
2115,0,-1,-1,none,
2116,0,-1,-1,none,
2117,0,-1,-1,none,
2118,0,-1,-1,none,
2119,0,-1,-1,none,
2120,0,-1,-1,none,
2121,0,-1,-1,none,
2122,0,-1,-1,none,
2123,0,-1,-1,none,
2124,0,-1,-1,none,
2125,0,-1,-1,none,
2126,0,-1,-1,none,
2127,0,-1,-1,none,
2128,0,-1,-1,none,
2129,0,-1,-1,none,
2130,0,-1,-1,none,
2131,0,-1,-1,none,
2132,0,-1,-1,none,
2133,0,-1,-1,none,
2134,0,-1,-1,none,
2135,0,-1,-1,none,
2136,0,-1,-1,none,
2137,0,-1,-1,none,
2138,0,-1,-1,none,
2139,0,-1,-1,none,
2140,0,-1,-1,none,
2141,0,-1,-1,none,
2142,0,-1,-1,none,
2143,0,-1,-1,none,
2144,0,-1,-1,none,
2145,0,-1,-1,none,
2146,0,-1,-1,none,
2147,0,-1,-1,none,
2148,0,-1,-1,none,
2149,0,-1,-1,none,
2150,0,-1,-1,none,
2151,0,-1,-1,none,
2152,0,-1,-1,none,
2153,0,-1,-1,none,
2154,0,-1,-1,none,
2155,0,-1,-1,none,
2156,0,-1,-1,none,
2157,0,-1,-1,none,
2158,0,-1,-1,none,
2159,0,-1,-1,none,
2160,0,-1,-1,none,
2161,0,-1,-1,none,
2162,0,-1,-1,none,
2163,0,-1,-1,none,
2164,0,-1,-1,none,
2165,0,-1,-1,none,
2166,0,-1,-1,none,
2167,0,-1,-1,none,
2168,0,-1,-1,none,
2169,0,-1,-1,none,
2170,0,-1,-1,none,
2171,0,-1,-1,none,
2172,0,-1,-1,none,
2173,0,-1,-1,none,
2174,0,-1,-1,none,
2175,0,-1,-1,none,
2176,0,-1,-1,none,
2177,0,-1,-1,none,
2178,0,-1,-1,none,
2179,0,-1,-1,none,
2180,0,-1,-1,none,
2181,0,-1,-1,none,
2182,0,-1,-1,none,
2183,0,-1,-1,none,
2184,0,-1,-1,none,
2185,0,-1,-1,none,
2186,0,-1,-1,none,
2187,0,-1,-1,none,
2188,0,-1,-1,none,
2189,0,-1,-1,none,
2190,0,-1,-1,none,
2191,0,-1,-1,none,
2192,0,-1,-1,none,
2193,0,-1,-1,none,
2194,0,-1,-1,none,
2195,0,-1,-1,none,
2196,0,-1,-1,none,
2197,0,-1,-1,none,
2198,0,-1,-1,none,
2199,0,-1,-1,none,
2200,0,-1,-1,none,
2201,0,-1,-1,none,
2202,0,-1,-1,none,
2203,0,-1,-1,none,
2204,0,-1,-1,none,
2205,0,-1,-1,none,
2206,0,-1,-1,none,
2207,0,-1,-1,none,
2208,0,-1,-1,none,
2209,0,-1,-1,none,
2210,0,-1,-1,none,
2211,0,-1,-1,none,
2212,0,-1,-1,none,
2213,0,-1,-1,none,
2214,0,-1,-1,none,
2215,0,-1,-1,none,
2216,0,-1,-1,none,
2217,0,-1,-1,none,
2218,0,-1,-1,none,
2219,0,-1,-1,none,
2220,0,-1,-1,none,
2221,0,-1,-1,none,
2222,0,-1,-1,none,
2223,0,-1,-1,none,
2224,0,-1,-1,none,
2225,0,-1,-1,none,
2226,0,-1,-1,none,
2227,0,-1,-1,none,
2228,0,-1,-1,none,
2229,0,-1,-1,none,
2230,0,-1,-1,none,
2231,0,-1,-1,none,
2232,0,-1,-1,none,
2233,0,-1,-1,none,
2234,0,-1,-1,none,
2235,0,-1,-1,none,
2236,0,-1,-1,none,
2237,0,-1,-1,none,
2238,0,-1,-1,none,
2239,0,-1,-1,none,
2240,0,-1,-1,none,
2241,0,-1,-1,none,
2242,0,-1,-1,none,
2243,0,-1,-1,none,
2244,0,-1,-1,none,
2245,0,-1,-1,none,
2246,0,-1,-1,none,
2247,0,-1,-1,none,
2248,0,-1,-1,none,
2249,0,-1,-1,none,
2250,0,-1,-1,none,
2251,0,-1,-1,none,
2252,0,-1,-1,none,
2253,0,-1,-1,none,
2254,0,-1,-1,none,
2255,0,-1,-1,none,
2256,0,-1,-1,none,
2257,0,-1,-1,none,
2258,0,-1,-1,none,
2259,0,-1,-1,none,
2260,0,-1,-1,none,
2261,0,-1,-1,none,
2262,0,-1,-1,none,
2263,0,-1,-1,none,
2264,0,-1,-1,none,
2265,0,-1,-1,none,
2266,0,-1,-1,none,
2267,0,-1,-1,none,
2268,0,-1,-1,none,
2269,0,-1,-1,none,
2270,0,-1,-1,none,
2271,0,-1,-1,none,
2272,0,-1,-1,none,
2273,0,-1,-1,none,
2274,0,-1,-1,none,
2275,0,-1,-1,none,
2276,0,-1,-1,none,
2277,0,-1,-1,none,
2278,0,-1,-1,none,
2279,0,-1,-1,none,
2280,0,-1,-1,none,
2281,0,-1,-1,none,
2282,0,-1,-1,none,
2283,0,-1,-1,none,
2284,0,-1,-1,none,
2285,0,-1,-1,none,
2286,0,-1,-1,none,
2287,0,-1,-1,none,
2288,0,-1,-1,none,
2289,0,-1,-1,none,
2290,0,-1,-1,none,
2291,0,-1,-1,none,
2292,0,-1,-1,none,
2293,0,-1,-1,none,
2294,0,-1,-1,none,
2295,0,-1,-1,none,
2296,0,-1,-1,none,
2297,0,-1,-1,none,
2298,0,-1,-1,none,
2299,0,-1,-1,none,
2300,0,-1,-1,none,
2301,0,-1,-1,none,
2302,0,-1,-1,none,
2303,0,-1,-1,none,
2304,0,-1,-1,none,
2305,0,-1,-1,none,
2306,0,-1,-1,none,
2307,0,-1,-1,none,
2308,0,-1,-1,none,
2309,0,-1,-1,none,
2310,0,-1,-1,none,
2311,0,-1,-1,none,
2312,0,-1,-1,none,
2313,0,-1,-1,none,
2314,0,-1,-1,none,
2315,0,-1,-1,none,
2316,0,-1,-1,none,
2317,0,-1,-1,none,
2318,0,-1,-1,none,
2319,0,-1,-1,none,
2320,0,-1,-1,none,
2321,0,-1,-1,none,
2322,0,-1,-1,none,
2323,0,-1,-1,none,
2324,0,-1,-1,none,
2325,0,-1,-1,none,
2326,0,-1,-1,none,
2327,0,-1,-1,none,
2328,0,-1,-1,none,
2329,0,-1,-1,none,
2330,0,-1,-1,none,
2331,0,-1,-1,none,
2332,0,-1,-1,none,
2333,0,-1,-1,none,
2334,0,-1,-1,none,
2335,0,-1,-1,none,
2336,0,-1,-1,none,
2337,0,-1,-1,none,
2338,0,-1,-1,none,
2339,0,-1,-1,none,
2340,0,-1,-1,none,
2341,0,-1,-1,none,
2342,0,-1,-1,none,
2343,0,-1,-1,none,
2344,0,-1,-1,none,
2345,0,-1,-1,none,
2346,0,-1,-1,none,
2347,0,-1,-1,none,
2348,0,-1,-1,none,
2349,0,-1,-1,none,
2350,0,-1,-1,none,
2351,0,-1,-1,none,
2352,0,-1,-1,none,
2353,0,-1,-1,none,
2354,0,-1,-1,none,
2355,0,-1,-1,none,
2356,0,-1,-1,none,
2357,0,-1,-1,none,
2358,0,-1,-1,none,
2359,0,-1,-1,none,
2360,0,-1,-1,none,
2361,0,-1,-1,none,
2362,0,-1,-1,none,
2363,0,-1,-1,none,
2364,0,-1,-1,none,
2365,0,-1,-1,none,
2366,0,-1,-1,none,
2367,0,-1,-1,none,
2368,0,-1,-1,none,
2369,0,-1,-1,none,
2370,0,-1,-1,none,
2371,0,-1,-1,none,
2372,0,-1,-1,none,
2373,0,-1,-1,none,
2374,0,-1,-1,none,
2375,0,-1,-1,none,
2376,0,-1,-1,none,
2377,0,-1,-1,none,
2378,0,-1,-1,none,
2379,0,-1,-1,none,
2380,0,-1,-1,none,
2381,0,-1,-1,none,
2382,0,-1,-1,none,
2383,0,-1,-1,none,
2384,0,-1,-1,none,
2385,0,-1,-1,none,
2386,0,-1,-1,none,
2387,0,-1,-1,none,
2388,0,-1,-1,none,
2389,0,-1,-1,none,
2390,0,-1,-1,none,
2391,0,-1,-1,none,
2392,0,-1,-1,none,
2393,0,-1,-1,none,
2394,0,-1,-1,none,
2395,0,-1,-1,none,
2396,0,-1,-1,none,
2397,0,-1,-1,none,
2398,0,-1,-1,none,
2399,0,-1,-1,none,
2400,0,-1,-1,none,
2401,0,-1,-1,none,
2402,0,-1,-1,none,
2403,0,-1,-1,none,
2404,0,-1,-1,none,
2405,0,-1,-1,none,
2406,0,-1,-1,none,
2407,0,-1,-1,none,
2408,0,-1,-1,none,
2409,0,-1,-1,none,
2410,0,-1,-1,none,
2411,0,-1,-1,none,
2412,0,-1,-1,none,
2413,0,-1,-1,none,
2414,0,-1,-1,none,
2415,0,-1,-1,none,
2416,0,-1,-1,none,
2417,0,-1,-1,none,
2418,0,-1,-1,none,
2419,0,-1,-1,none,
2420,0,-1,-1,none,
2421,0,-1,-1,none,
2422,0,-1,-1,none,
2423,0,-1,-1,none,
2424,0,-1,-1,none,
2425,0,-1,-1,none,
2426,0,-1,-1,none,
2427,0,-1,-1,none,
2428,0,-1,-1,none,
2429,0,-1,-1,none,
2430,0,-1,-1,none,
2431,0,-1,-1,none,
2432,0,-1,-1,none,
2433,0,-1,-1,none,
2434,0,-1,-1,none,
2435,0,-1,-1,none,
2436,0,-1,-1,none,
2437,0,-1,-1,none,
2438,0,-1,-1,none,
2439,0,-1,-1,none,
2440,0,-1,-1,none,
2441,0,-1,-1,none,
2442,0,-1,-1,none,
2443,0,-1,-1,none,
2444,0,-1,-1,none,
2445,0,-1,-1,none,
2446,0,-1,-1,none,
2447,0,-1,-1,none,
2448,0,-1,-1,none,
2449,0,-1,-1,none,
2450,0,-1,-1,none,
2451,0,-1,-1,none,
2452,0,-1,-1,none,
2453,0,-1,-1,none,
2454,0,-1,-1,none,
2455,0,-1,-1,none,
2456,0,-1,-1,none,
2457,0,-1,-1,none,
2458,0,-1,-1,none,
2459,0,-1,-1,none,
2460,0,-1,-1,none,
2461,0,-1,-1,none,
2462,0,-1,-1,none,
2463,0,-1,-1,none,
2464,0,-1,-1,none,
2465,0,-1,-1,none,
2466,0,-1,-1,none,
2467,0,-1,-1,none,
2468,0,-1,-1,none,
2469,0,-1,-1,none,
2470,0,-1,-1,none,
2471,0,-1,-1,none,
2472,0,-1,-1,none,
2473,0,-1,-1,none,
2474,0,-1,-1,none,
2475,0,-1,-1,none,
2476,0,-1,-1,none,
2477,0,-1,-1,none,
2478,0,-1,-1,none,
2479,0,-1,-1,none,
2480,0,-1,-1,none,
2481,0,-1,-1,none,
2482,0,-1,-1,none,
2483,0,-1,-1,none,
2484,0,-1,-1,none,
2485,0,-1,-1,none,
2486,0,-1,-1,none,
2487,0,-1,-1,none,
2488,0,-1,-1,none,
2489,0,-1,-1,none,
2490,0,-1,-1,none,
2491,0,-1,-1,none,
2492,0,-1,-1,none,
2493,0,-1,-1,none,
2494,0,-1,-1,none,
2495,0,-1,-1,none,
2496,0,-1,-1,none,
2497,0,-1,-1,none,
2498,0,-1,-1,none,
2499,0,-1,-1,none,
2500,0,-1,-1,none,
2501,0,-1,-1,none,
2502,0,-1,-1,none,
2503,0,-1,-1,none,
2504,0,-1,-1,none,
2505,0,-1,-1,none,
2506,0,-1,-1,none,
2507,0,-1,-1,none,
2508,0,-1,-1,none,
2509,0,-1,-1,none,
2510,0,-1,-1,none,
2511,0,-1,-1,none,
2512,0,-1,-1,none,
2513,0,-1,-1,none,
2514,0,-1,-1,none,
2515,0,-1,-1,none,
2516,0,-1,-1,none,
2517,0,-1,-1,none,
2518,0,-1,-1,none,
2519,0,-1,-1,none,
2520,0,-1,-1,none,
2521,0,-1,-1,none,
2522,0,-1,-1,none,
2523,0,-1,-1,none,
2524,0,-1,-1,none,
2525,0,-1,-1,none,
2526,0,-1,-1,none,
2527,0,-1,-1,none,
2528,0,-1,-1,none,
2529,0,-1,-1,none,
2530,0,-1,-1,none,
2531,0,-1,-1,none,
2532,0,-1,-1,none,
2533,0,-1,-1,none,
2534,0,-1,-1,none,
2535,0,-1,-1,none,
2536,0,-1,-1,none,
2537,0,-1,-1,none,
2538,0,-1,-1,none,
2539,0,-1,-1,none,
2540,0,-1,-1,none,
2541,0,-1,-1,none,
2542,0,-1,-1,none,
2543,0,-1,-1,none,
2544,0,-1,-1,none,
2545,0,-1,-1,none,
2546,0,-1,-1,none,
2547,0,-1,-1,none,
2548,0,-1,-1,none,
2549,0,-1,-1,none,
2550,0,-1,-1,none,
2551,0,-1,-1,none,
2552,0,-1,-1,none,
2553,0,-1,-1,none,
2554,0,-1,-1,none,
2555,0,-1,-1,none,
2556,0,-1,-1,none,
2557,0,-1,-1,none,
2558,0,-1,-1,none,
2559,0,-1,-1,none,
2560,0,-1,-1,none,
2561,0,-1,-1,none,
2562,0,-1,-1,none,
2563,0,-1,-1,none,
2564,0,-1,-1,none,
2565,0,-1,-1,none,
2566,0,-1,-1,none,
2567,0,-1,-1,none,
2568,0,-1,-1,none,
2569,0,-1,-1,none,
2570,0,-1,-1,none,
2571,0,-1,-1,none,
2572,0,-1,-1,none,
2573,0,-1,-1,none,
2574,0,-1,-1,none,
2575,0,-1,-1,none,
2576,0,-1,-1,none,
2577,0,-1,-1,none,
2578,0,-1,-1,none,
2579,0,-1,-1,none,
2580,0,-1,-1,none,
2581,0,-1,-1,none,
2582,0,-1,-1,none,
2583,0,-1,-1,none,
2584,0,-1,-1,none,
2585,0,-1,-1,none,
2586,0,-1,-1,none,
2587,0,-1,-1,none,
2588,0,-1,-1,none,
2589,0,-1,-1,none,
2590,0,-1,-1,none,
2591,0,-1,-1,none,
2592,0,-1,-1,none,
2593,0,-1,-1,none,
2594,0,-1,-1,none,
2595,0,-1,-1,none,
2596,0,-1,-1,none,
2597,0,-1,-1,none,
2598,0,-1,-1,none,
2599,0,-1,-1,none,
2600,0,-1,-1,none,
2601,0,-1,-1,none,
2602,0,-1,-1,none,
2603,0,-1,-1,none,
2604,0,-1,-1,none,
2605,0,-1,-1,none,
2606,0,-1,-1,none,
2607,0,-1,-1,none,
2608,0,-1,-1,none,
2609,0,-1,-1,none,
2610,0,-1,-1,none,
2611,0,-1,-1,none,
2612,0,-1,-1,none,
2613,0,-1,-1,none,
2614,0,-1,-1,none,
2615,0,-1,-1,none,
2616,0,-1,-1,none,
2617,0,-1,-1,none,
2618,0,-1,-1,none,
2619,0,-1,-1,none,
2620,0,-1,-1,none,
2621,0,-1,-1,none,
2622,0,-1,-1,none,
2623,0,-1,-1,none,
2624,0,-1,-1,none,
2625,0,-1,-1,none,
2626,0,-1,-1,none,
2627,0,-1,-1,none,
2628,0,-1,-1,none,
2629,0,-1,-1,none,
2630,0,-1,-1,none,
2631,0,-1,-1,none,
2632,0,-1,-1,none,
2633,0,-1,-1,none,
2634,0,-1,-1,none,
2635,0,-1,-1,none,
2636,0,-1,-1,none,
2637,0,-1,-1,none,
2638,0,-1,-1,none,
2639,0,-1,-1,none,
2640,0,-1,-1,none,
2641,0,-1,-1,none,
2642,0,-1,-1,none,
2643,0,-1,-1,none,
2644,0,-1,-1,none,
2645,0,-1,-1,none,
2646,0,-1,-1,none,
2647,0,-1,-1,none,
2648,0,-1,-1,none,
2649,0,-1,-1,none,
2650,0,-1,-1,none,
2651,0,-1,-1,none,
2652,0,-1,-1,none,
2653,0,-1,-1,none,
2654,0,-1,-1,none,
2655,0,-1,-1,none,
2656,0,-1,-1,none,
2657,0,-1,-1,none,
2658,0,-1,-1,none,
2659,0,-1,-1,none,
2660,0,-1,-1,none,
2661,0,-1,-1,none,
2662,0,-1,-1,none,
2663,0,-1,-1,none,
2664,0,-1,-1,none,
2665,0,-1,-1,none,
2666,0,-1,-1,none,
2667,0,-1,-1,none,
2668,0,-1,-1,none,
2669,0,-1,-1,none,
2670,0,-1,-1,none,
2671,0,-1,-1,none,
2672,0,-1,-1,none,
2673,0,-1,-1,none,
2674,0,-1,-1,none,
2675,0,-1,-1,none,
2676,0,-1,-1,none,
2677,0,-1,-1,none,
2678,0,-1,-1,none,
2679,0,-1,-1,none,
2680,0,-1,-1,none,
2681,0,-1,-1,none,
2682,0,-1,-1,none,
2683,0,-1,-1,none,
2684,0,-1,-1,none,
2685,0,-1,-1,none,
2686,0,-1,-1,none,
2687,0,-1,-1,none,
2688,0,-1,-1,none,
2689,0,-1,-1,none,
2690,0,-1,-1,none,
2691,0,-1,-1,none,
2692,0,-1,-1,none,
2693,0,-1,-1,none,
2694,0,-1,-1,none,
2695,0,-1,-1,none,
2696,0,-1,-1,none,
2697,0,-1,-1,none,
2698,0,-1,-1,none,
2699,0,-1,-1,none,
2700,0,-1,-1,none,
2701,0,-1,-1,none,
2702,0,-1,-1,none,
2703,0,-1,-1,none,
2704,0,-1,-1,none,
2705,0,-1,-1,none,
2706,0,-1,-1,none,
2707,0,-1,-1,none,
2708,0,-1,-1,none,
2709,0,-1,-1,none,
2710,0,-1,-1,none,
2711,0,-1,-1,none,
2712,0,-1,-1,none,
2713,0,-1,-1,none,
2714,0,-1,-1,none,
2715,0,-1,-1,none,
2716,0,-1,-1,none,
2717,0,-1,-1,none,
2718,0,-1,-1,none,
2719,0,-1,-1,none,
2720,0,-1,-1,none,
2721,0,-1,-1,none,
2722,0,-1,-1,none,
2723,0,-1,-1,none,
2724,0,-1,-1,none,
2725,0,-1,-1,none,
2726,0,-1,-1,none,
2727,0,-1,-1,none,
2728,0,-1,-1,none,
2729,0,-1,-1,none,
2730,0,-1,-1,none,
2731,0,-1,-1,none,
2732,0,-1,-1,none,
2733,0,-1,-1,none,
2734,0,-1,-1,none,
2735,0,-1,-1,none,
2736,0,-1,-1,none,
2737,0,-1,-1,none,
2738,0,-1,-1,none,
2739,0,-1,-1,none,
2740,0,-1,-1,none,
2741,0,-1,-1,none,
2742,0,-1,-1,none,
2743,0,-1,-1,none,
2744,0,-1,-1,none,
2745,0,-1,-1,none,
2746,0,-1,-1,none,
2747,0,-1,-1,none,
2748,0,-1,-1,none,
2749,0,-1,-1,none,
2750,0,-1,-1,none,
2751,0,-1,-1,none,
2752,0,-1,-1,none,
2753,0,-1,-1,none,
2754,0,-1,-1,none,
2755,0,-1,-1,none,
2756,0,-1,-1,none,
2757,0,-1,-1,none,
2758,0,-1,-1,none,
2759,0,-1,-1,none,
2760,0,-1,-1,none,
2761,0,-1,-1,none,
2762,0,-1,-1,none,
2763,0,-1,-1,none,
2764,0,-1,-1,none,
2765,0,-1,-1,none,
2766,0,-1,-1,none,
2767,0,-1,-1,none,
2768,0,-1,-1,none,
2769,0,-1,-1,none,
2770,0,-1,-1,none,
2771,0,-1,-1,none,
2772,0,-1,-1,none,
2773,0,-1,-1,none,
2774,0,-1,-1,none,
2775,0,-1,-1,none,
2776,0,-1,-1,none,
2777,0,-1,-1,none,
2778,0,-1,-1,none,
2779,0,-1,-1,none,
2780,0,-1,-1,none,
2781,0,-1,-1,none,
2782,0,-1,-1,none,
2783,0,-1,-1,none,
2784,0,-1,-1,none,
2785,0,-1,-1,none,
2786,0,-1,-1,none,
2787,0,-1,-1,none,
2788,0,-1,-1,none,
2789,0,-1,-1,none,
2790,0,-1,-1,none,
2791,0,-1,-1,none,
2792,0,-1,-1,none,
2793,0,-1,-1,none,
2794,0,-1,-1,none,
2795,0,-1,-1,none,
2796,0,-1,-1,none,
2797,0,-1,-1,none,
2798,0,-1,-1,none,
2799,0,-1,-1,none,
2800,0,-1,-1,none,
2801,0,-1,-1,none,
2802,0,-1,-1,none,
2803,0,-1,-1,none,
2804,0,-1,-1,none,
2805,0,-1,-1,none,
2806,0,-1,-1,none,
2807,0,-1,-1,none,
2808,0,-1,-1,none,
2809,0,-1,-1,none,
2810,0,-1,-1,none,
2811,0,-1,-1,none,
2812,0,-1,-1,none,
2813,0,-1,-1,none,
2814,0,-1,-1,none,
2815,0,-1,-1,none,
2816,0,-1,-1,none,
2817,0,-1,-1,none,
2818,0,-1,-1,none,
2819,0,-1,-1,none,
2820,0,-1,-1,none,
2821,0,-1,-1,none,
2822,0,-1,-1,none,
2823,0,-1,-1,none,
2824,0,-1,-1,none,
2825,0,-1,-1,none,
2826,0,-1,-1,none,
2827,0,-1,-1,none,
2828,0,-1,-1,none,
2829,0,-1,-1,none,
2830,0,-1,-1,none,
2831,0,-1,-1,none,
2832,0,-1,-1,none,
2833,0,-1,-1,none,
2834,0,-1,-1,none,
2835,0,-1,-1,none,
2836,0,-1,-1,none,
2837,0,-1,-1,none,
2838,0,-1,-1,none,
2839,0,-1,-1,none,
2840,0,-1,-1,none,
2841,0,-1,-1,none,
2842,0,-1,-1,none,
2843,0,-1,-1,none,
2844,0,-1,-1,none,
2845,0,-1,-1,none,
2846,0,-1,-1,none,
2847,0,-1,-1,none,
2848,0,-1,-1,none,
2849,0,-1,-1,none,
2850,0,-1,-1,none,
2851,0,-1,-1,none,
2852,0,-1,-1,none,
2853,0,-1,-1,none,
2854,0,-1,-1,none,
2855,0,-1,-1,none,
2856,0,-1,-1,none,
2857,0,-1,-1,none,
2858,0,-1,-1,none,
2859,0,-1,-1,none,
2860,0,-1,-1,none,
2861,0,-1,-1,none,
2862,0,-1,-1,none,
2863,0,-1,-1,none,
2864,0,-1,-1,none,
2865,0,-1,-1,none,
2866,0,-1,-1,none,
2867,0,-1,-1,none,
2868,0,-1,-1,none,
2869,0,-1,-1,none,
2870,0,-1,-1,none,
2871,0,-1,-1,none,
2872,0,-1,-1,none,
2873,0,-1,-1,none,
2874,0,-1,-1,none,
2875,0,-1,-1,none,
2876,0,-1,-1,none,
2877,0,-1,-1,none,
2878,0,-1,-1,none,
2879,0,-1,-1,none,
2880,0,-1,-1,none,
2881,0,-1,-1,none,
2882,0,-1,-1,none,
2883,0,-1,-1,none,
2884,0,-1,-1,none,
2885,0,-1,-1,none,
2886,0,-1,-1,none,
2887,0,-1,-1,none,
2888,0,-1,-1,none,
2889,0,-1,-1,none,
2890,0,-1,-1,none,
2891,0,-1,-1,none,
2892,0,-1,-1,none,
2893,0,-1,-1,none,
2894,0,-1,-1,none,
2895,0,-1,-1,none,
2896,0,-1,-1,none,
2897,0,-1,-1,none,
2898,0,-1,-1,none,
2899,0,-1,-1,none,
2900,0,-1,-1,none,
2901,0,-1,-1,none,
2902,0,-1,-1,none,
2903,0,-1,-1,none,
2904,0,-1,-1,none,
2905,0,-1,-1,none,
2906,0,-1,-1,none,
2907,0,-1,-1,none,
2908,0,-1,-1,none,
2909,0,-1,-1,none,
2910,0,-1,-1,none,
2911,0,-1,-1,none,
2912,0,-1,-1,none,
2913,0,-1,-1,none,
2914,0,-1,-1,none,
2915,0,-1,-1,none,
2916,0,-1,-1,none,
2917,0,-1,-1,none,
2918,0,-1,-1,none,
2919,0,-1,-1,none,
2920,0,-1,-1,none,
2921,0,-1,-1,none,
2922,0,-1,-1,none,
2923,0,-1,-1,none,
2924,0,-1,-1,none,
2925,0,-1,-1,none,
2926,0,-1,-1,none,
2927,0,-1,-1,none,
2928,0,-1,-1,none,
2929,0,-1,-1,none,
2930,0,-1,-1,none,
2931,0,-1,-1,none,
2932,0,-1,-1,none,
2933,0,-1,-1,none,
2934,0,-1,-1,none,
2935,0,-1,-1,none,
2936,0,-1,-1,none,
2937,0,-1,-1,none,
2938,0,-1,-1,none,
2939,0,-1,-1,none,
2940,0,-1,-1,none,
2941,0,-1,-1,none,
2942,0,-1,-1,none,
2943,0,-1,-1,none,
2944,0,-1,-1,none,
2945,0,-1,-1,none,
2946,0,-1,-1,none,
2947,0,-1,-1,none,
2948,0,-1,-1,none,
2949,0,-1,-1,none,
2950,0,-1,-1,none,
2951,0,-1,-1,none,
2952,0,-1,-1,none,
2953,0,-1,-1,none,
2954,0,-1,-1,none,
2955,0,-1,-1,none,
2956,0,-1,-1,none,
2957,0,-1,-1,none,
2958,0,-1,-1,none,
2959,0,-1,-1,none,
2960,0,-1,-1,none,
2961,0,-1,-1,none,
2962,0,-1,-1,none,
2963,0,-1,-1,none,
2964,0,-1,-1,none,
2965,0,-1,-1,none,
2966,0,-1,-1,none,
2967,0,-1,-1,none,
2968,0,-1,-1,none,
2969,0,-1,-1,none,
2970,0,-1,-1,none,
2971,0,-1,-1,none,
2972,0,-1,-1,none,
2973,0,-1,-1,none,
2974,0,-1,-1,none,
2975,0,-1,-1,none,
2976,0,-1,-1,none,
2977,0,-1,-1,none,
2978,0,-1,-1,none,
2979,0,-1,-1,none,
2980,0,-1,-1,none,
2981,0,-1,-1,none,
2982,0,-1,-1,none,
2983,0,-1,-1,none,
2984,0,-1,-1,none,
2985,0,-1,-1,none,
2986,0,-1,-1,none,
2987,0,-1,-1,none,
2988,0,-1,-1,none,
2989,0,-1,-1,none,
2990,0,-1,-1,none,
2991,0,-1,-1,none,
2992,0,-1,-1,none,
2993,0,-1,-1,none,
2994,0,-1,-1,none,
2995,0,-1,-1,none,
2996,0,-1,-1,none,
2997,0,-1,-1,none,
2998,0,-1,-1,none,
2999,0,-1,-1,none,
3000,0,-1,-1,none,
3001,0,-1,-1,none,
3002,0,-1,-1,none,
3003,0,-1,-1,none,
3004,0,-1,-1,none,
3005,0,-1,-1,none,
3006,0,-1,-1,none,
3007,0,-1,-1,none,
3008,0,-1,-1,none,
3009,0,-1,-1,none,
3010,0,-1,-1,none,
3011,0,-1,-1,none,
3012,0,-1,-1,none,
3013,0,-1,-1,none,
3014,0,-1,-1,none,
3015,0,-1,-1,none,
3016,0,-1,-1,none,
3017,0,-1,-1,none,
3018,0,-1,-1,none,
3019,0,-1,-1,none,
3020,0,-1,-1,none,
3021,0,-1,-1,none,
3022,0,-1,-1,none,
3023,0,-1,-1,none,
3024,0,-1,-1,none,
3025,0,-1,-1,none,
3026,0,-1,-1,none,
3027,0,-1,-1,none,
3028,0,-1,-1,none,
3029,0,-1,-1,none,
3030,0,-1,-1,none,
3031,0,-1,-1,none,
3032,0,-1,-1,none,
3033,0,-1,-1,none,
3034,0,-1,-1,none,
3035,0,-1,-1,none,
3036,0,-1,-1,none,
3037,0,-1,-1,none,
3038,0,-1,-1,none,
3039,0,-1,-1,none,
3040,0,-1,-1,none,
3041,0,-1,-1,none,
3042,0,-1,-1,none,
3043,0,-1,-1,none,
3044,0,-1,-1,none,
3045,0,-1,-1,none,
3046,0,-1,-1,none,
3047,0,-1,-1,none,
3048,0,-1,-1,none,
3049,0,-1,-1,none,
3050,0,-1,-1,none,
3051,0,-1,-1,none,
3052,0,-1,-1,none,
3053,0,-1,-1,none,
3054,0,-1,-1,none,
3055,0,-1,-1,none,
3056,0,-1,-1,none,
3057,0,-1,-1,none,
3058,0,-1,-1,none,
3059,0,-1,-1,none,
3060,0,-1,-1,none,
3061,0,-1,-1,none,
3062,0,-1,-1,none,
3063,0,-1,-1,none,
3064,0,-1,-1,none,
3065,0,-1,-1,none,
3066,0,-1,-1,none,
3067,0,-1,-1,none,
3068,0,-1,-1,none,
3069,0,-1,-1,none,
3070,0,-1,-1,none,
3071,0,-1,-1,none,
3072,0,-1,-1,none,
3073,0,-1,-1,none,
3074,0,-1,-1,none,
3075,0,-1,-1,none,
3076,0,-1,-1,none,
3077,0,-1,-1,none,
3078,0,-1,-1,none,
3079,0,-1,-1,none,
3080,0,-1,-1,none,
3081,0,-1,-1,none,
3082,0,-1,-1,none,
3083,0,-1,-1,none,
3084,0,-1,-1,none,
3085,0,-1,-1,none,
3086,0,-1,-1,none,
3087,0,-1,-1,none,
3088,0,-1,-1,none,
3089,0,-1,-1,none,
3090,0,-1,-1,none,
3091,0,-1,-1,none,
3092,0,-1,-1,none,
3093,0,-1,-1,none,
3094,0,-1,-1,none,
3095,0,-1,-1,none,
3096,0,-1,-1,none,
3097,0,-1,-1,none,
3098,0,-1,-1,none,
3099,0,-1,-1,none,
3100,0,-1,-1,none,
3101,0,-1,-1,none,
3102,0,-1,-1,none,
3103,0,-1,-1,none,
3104,0,-1,-1,none,
3105,0,-1,-1,none,
3106,0,-1,-1,none,
3107,0,-1,-1,none,
3108,0,-1,-1,none,
3109,0,-1,-1,none,
3110,0,-1,-1,none,
3111,0,-1,-1,none,
3112,0,-1,-1,none,
3113,0,-1,-1,none,
3114,0,-1,-1,none,
3115,0,-1,-1,none,
3116,0,-1,-1,none,
3117,0,-1,-1,none,
3118,0,-1,-1,none,
3119,0,-1,-1,none,
3120,0,-1,-1,none,
3121,0,-1,-1,none,
3122,0,-1,-1,none,
3123,0,-1,-1,none,
3124,0,-1,-1,none,
3125,0,-1,-1,none,
3126,0,-1,-1,none,
3127,0,-1,-1,none,
3128,0,-1,-1,none,
3129,0,-1,-1,none,
3130,0,-1,-1,none,
3131,0,-1,-1,none,
3132,0,-1,-1,none,
3133,0,-1,-1,none,
3134,0,-1,-1,none,
3135,0,-1,-1,none,
3136,0,-1,-1,none,
3137,0,-1,-1,none,
3138,0,-1,-1,none,
3139,0,-1,-1,none,
3140,0,-1,-1,none,
3141,0,-1,-1,none,
3142,0,-1,-1,none,
3143,0,-1,-1,none,
3144,0,-1,-1,none,
3145,0,-1,-1,none,
3146,0,-1,-1,none,
3147,0,-1,-1,none,
3148,0,-1,-1,none,
3149,0,-1,-1,none,
3150,0,-1,-1,none,
3151,0,-1,-1,none,
3152,0,-1,-1,none,
3153,0,-1,-1,none,
3154,0,-1,-1,none,
3155,0,-1,-1,none,
3156,0,-1,-1,none,
3157,0,-1,-1,none,
3158,0,-1,-1,none,
3159,0,-1,-1,none,
3160,0,-1,-1,none,
3161,0,-1,-1,none,
3162,0,-1,-1,none,
3163,0,-1,-1,none,
3164,0,-1,-1,none,
3165,0,-1,-1,none,
3166,0,-1,-1,none,
3167,0,-1,-1,none,
3168,0,-1,-1,none,
3169,0,-1,-1,none,
3170,0,-1,-1,none,
3171,0,-1,-1,none,
3172,0,-1,-1,none,
3173,0,-1,-1,none,
3174,0,-1,-1,none,
3175,0,-1,-1,none,
3176,0,-1,-1,none,
3177,0,-1,-1,none,
3178,0,-1,-1,none,
3179,0,-1,-1,none,
3180,0,-1,-1,none,
3181,0,-1,-1,none,
3182,0,-1,-1,none,
3183,0,-1,-1,none,
3184,0,-1,-1,none,
3185,0,-1,-1,none,
3186,0,-1,-1,none,
3187,0,-1,-1,none,
3188,0,-1,-1,none,
3189,0,-1,-1,none,
3190,0,-1,-1,none,
3191,0,-1,-1,none,
3192,0,-1,-1,none,
3193,0,-1,-1,none,
3194,0,-1,-1,none,
3195,0,-1,-1,none,
3196,0,-1,-1,none,
3197,0,-1,-1,none,
3198,0,-1,-1,none,
3199,0,-1,-1,none,
3200,0,-1,-1,none,
3201,0,-1,-1,none,
3202,0,-1,-1,none,
3203,0,-1,-1,none,
3204,0,-1,-1,none,
3205,0,-1,-1,none,
3206,0,-1,-1,none,
3207,0,-1,-1,none,
3208,0,-1,-1,none,
3209,0,-1,-1,none,
3210,0,-1,-1,none,
3211,0,-1,-1,none,
3212,0,-1,-1,none,
3213,0,-1,-1,none,
3214,0,-1,-1,none,
3215,0,-1,-1,none,
3216,0,-1,-1,none,
3217,0,-1,-1,none,
3218,0,-1,-1,none,
3219,0,-1,-1,none,
3220,0,-1,-1,none,
3221,0,-1,-1,none,
3222,0,-1,-1,none,
3223,0,-1,-1,none,
3224,0,-1,-1,none,
3225,0,-1,-1,none,
3226,0,-1,-1,none,
3227,0,-1,-1,none,
3228,0,-1,-1,none,
3229,0,-1,-1,none,
3230,0,-1,-1,none,
3231,0,-1,-1,none,
3232,0,-1,-1,none,
3233,0,-1,-1,none,
3234,0,-1,-1,none,
3235,0,-1,-1,none,
3236,0,-1,-1,none,
3237,0,-1,-1,none,
3238,0,-1,-1,none,
3239,0,-1,-1,none,
3240,0,-1,-1,none,
3241,0,-1,-1,none,
3242,0,-1,-1,none,
3243,0,-1,-1,none,
3244,0,-1,-1,none,
3245,0,-1,-1,none,
3246,0,-1,-1,none,
3247,0,-1,-1,none,
3248,0,-1,-1,none,
3249,0,-1,-1,none,
3250,0,-1,-1,none,
3251,0,-1,-1,none,
3252,0,-1,-1,none,
3253,0,-1,-1,none,
3254,0,-1,-1,none,
3255,0,-1,-1,none,
3256,0,-1,-1,none,
3257,0,-1,-1,none,
3258,0,-1,-1,none,
3259,0,-1,-1,none,
3260,0,-1,-1,none,
3261,0,-1,-1,none,
3262,0,-1,-1,none,
3263,0,-1,-1,none,
3264,0,-1,-1,none,
3265,0,-1,-1,none,
3266,0,-1,-1,none,
3267,0,-1,-1,none,
3268,0,-1,-1,none,
3269,0,-1,-1,none,
3270,0,-1,-1,none,
3271,0,-1,-1,none,
3272,0,-1,-1,none,
3273,0,-1,-1,none,
3274,0,-1,-1,none,
3275,0,-1,-1,none,
3276,0,-1,-1,none,
3277,0,-1,-1,none,
3278,0,-1,-1,none,
3279,0,-1,-1,none,
3280,0,-1,-1,none,
3281,0,-1,-1,none,
3282,0,-1,-1,none,
3283,0,-1,-1,none,
3284,0,-1,-1,none,
3285,0,-1,-1,none,
3286,0,-1,-1,none,
3287,0,-1,-1,none,
3288,0,-1,-1,none,
3289,0,-1,-1,none,
3290,0,-1,-1,none,
3291,0,-1,-1,none,
3292,0,-1,-1,none,
3293,0,-1,-1,none,
3294,0,-1,-1,none,
3295,0,-1,-1,none,
3296,0,-1,-1,none,
3297,0,-1,-1,none,
3298,0,-1,-1,none,
3299,0,-1,-1,none,
3300,0,-1,-1,none,
3301,0,-1,-1,none,
3302,0,-1,-1,none,
3303,0,-1,-1,none,
3304,0,-1,-1,none,
3305,0,-1,-1,none,
3306,0,-1,-1,none,
3307,0,-1,-1,none,
3308,0,-1,-1,none,
3309,0,-1,-1,none,
3310,0,-1,-1,none,
3311,0,-1,-1,none,
3312,0,-1,-1,none,
3313,0,-1,-1,none,
3314,0,-1,-1,none,
3315,0,-1,-1,none,
3316,0,-1,-1,none,
3317,0,-1,-1,none,
3318,0,-1,-1,none,
3319,0,-1,-1,none,
3320,0,-1,-1,none,
3321,0,-1,-1,none,
3322,0,-1,-1,none,
3323,0,-1,-1,none,
3324,0,-1,-1,none,
3325,0,-1,-1,none,
3326,0,-1,-1,none,
3327,0,-1,-1,none,
3328,0,-1,-1,none,
3329,0,-1,-1,none,
3330,0,-1,-1,none,
3331,0,-1,-1,none,
3332,0,-1,-1,none,
3333,0,-1,-1,none,
3334,0,-1,-1,none,
3335,0,-1,-1,none,
3336,0,-1,-1,none,
3337,0,-1,-1,none,
3338,0,-1,-1,none,
3339,0,-1,-1,none,
3340,0,-1,-1,none,
3341,0,-1,-1,none,
3342,0,-1,-1,none,
3343,0,-1,-1,none,
3344,0,-1,-1,none,
3345,0,-1,-1,none,
3346,0,-1,-1,none,
3347,0,-1,-1,none,
3348,0,-1,-1,none,
3349,0,-1,-1,none,
3350,0,-1,-1,none,
3351,0,-1,-1,none,
3352,0,-1,-1,none,
3353,0,-1,-1,none,
3354,0,-1,-1,none,
3355,0,-1,-1,none,
3356,0,-1,-1,none,
3357,0,-1,-1,none,
3358,0,-1,-1,none,
3359,0,-1,-1,none,
3360,0,-1,-1,none,
3361,0,-1,-1,none,
3362,0,-1,-1,none,
3363,0,-1,-1,none,
3364,0,-1,-1,none,
3365,0,-1,-1,none,
3366,0,-1,-1,none,
3367,0,-1,-1,none,
3368,0,-1,-1,none,
3369,0,-1,-1,none,
3370,0,-1,-1,none,
3371,0,-1,-1,none,
3372,0,-1,-1,none,
3373,0,-1,-1,none,
3374,0,-1,-1,none,
3375,0,-1,-1,none,
3376,0,-1,-1,none,
3377,0,-1,-1,none,
3378,0,-1,-1,none,
3379,0,-1,-1,none,
3380,0,-1,-1,none,
3381,0,-1,-1,none,
3382,0,-1,-1,none,
3383,0,-1,-1,none,
3384,0,-1,-1,none,
3385,0,-1,-1,none,
3386,0,-1,-1,none,
3387,0,-1,-1,none,
3388,0,-1,-1,none,
3389,0,-1,-1,none,
3390,0,-1,-1,none,
3391,0,-1,-1,none,
3392,0,-1,-1,none,
3393,0,-1,-1,none,
3394,0,-1,-1,none,
3395,0,-1,-1,none,
3396,0,-1,-1,none,
3397,0,-1,-1,none,
3398,0,-1,-1,none,
3399,0,-1,-1,none,
3400,0,-1,-1,none,
3401,0,-1,-1,none,
3402,0,-1,-1,none,
3403,0,-1,-1,none,
3404,0,-1,-1,none,
3405,0,-1,-1,none,
3406,0,-1,-1,none,
3407,0,-1,-1,none,
3408,0,-1,-1,none,
3409,0,-1,-1,none,
3410,0,-1,-1,none,
3411,0,-1,-1,none,
3412,0,-1,-1,none,
3413,0,-1,-1,none,
3414,0,-1,-1,none,
3415,0,-1,-1,none,
3416,0,-1,-1,none,
3417,0,-1,-1,none,
3418,0,-1,-1,none,
3419,0,-1,-1,none,
3420,0,-1,-1,none,
3421,0,-1,-1,none,
3422,0,-1,-1,none,
3423,0,-1,-1,none,
3424,0,-1,-1,none,
3425,0,-1,-1,none,
3426,0,-1,-1,none,
3427,0,-1,-1,none,
3428,0,-1,-1,none,
3429,0,-1,-1,none,
3430,0,-1,-1,none,
3431,0,-1,-1,none,
3432,0,-1,-1,none,
3433,0,-1,-1,none,
3434,0,-1,-1,none,
3435,0,-1,-1,none,
3436,0,-1,-1,none,
3437,0,-1,-1,none,
3438,0,-1,-1,none,
3439,0,-1,-1,none,
3440,0,-1,-1,none,
3441,0,-1,-1,none,
3442,0,-1,-1,none,
3443,0,-1,-1,none,
3444,0,-1,-1,none,
3445,0,-1,-1,none,
3446,0,-1,-1,none,
3447,0,-1,-1,none,
3448,0,-1,-1,none,
3449,0,-1,-1,none,
3450,0,-1,-1,none,
3451,0,-1,-1,none,
3452,0,-1,-1,none,
3453,0,-1,-1,none,
3454,0,-1,-1,none,
3455,0,-1,-1,none,
3456,0,-1,-1,none,
3457,0,-1,-1,none,
3458,0,-1,-1,none,
3459,0,-1,-1,none,
3460,0,-1,-1,none,
3461,0,-1,-1,none,
3462,0,-1,-1,none,
3463,0,-1,-1,none,
3464,0,-1,-1,none,
3465,0,-1,-1,none,
3466,0,-1,-1,none,
3467,0,-1,-1,none,
3468,0,-1,-1,none,
3469,0,-1,-1,none,
3470,0,-1,-1,none,
3471,0,-1,-1,none,
3472,0,-1,-1,none,
3473,0,-1,-1,none,
3474,0,-1,-1,none,
3475,0,-1,-1,none,
3476,0,-1,-1,none,
3477,0,-1,-1,none,
3478,0,-1,-1,none,
3479,0,-1,-1,none,
3480,0,-1,-1,none,
3481,0,-1,-1,none,
3482,0,-1,-1,none,
3483,0,-1,-1,none,
3484,0,-1,-1,none,
3485,0,-1,-1,none,
3486,0,-1,-1,none,
3487,0,-1,-1,none,
3488,0,-1,-1,none,
3489,0,-1,-1,none,
3490,0,-1,-1,none,
3491,0,-1,-1,none,
3492,0,-1,-1,none,
3493,0,-1,-1,none,
3494,0,-1,-1,none,
3495,0,-1,-1,none,
3496,0,-1,-1,none,
3497,0,-1,-1,none,
3498,0,-1,-1,none,
3499,0,-1,-1,none,
3500,0,-1,-1,none,
3501,0,-1,-1,none,
3502,0,-1,-1,none,
3503,0,-1,-1,none,
3504,0,-1,-1,none,
3505,0,-1,-1,none,
3506,0,-1,-1,none,
3507,0,-1,-1,none,
3508,0,-1,-1,none,
3509,0,-1,-1,none,
3510,0,-1,-1,none,
3511,0,-1,-1,none,
3512,0,-1,-1,none,
3513,0,-1,-1,none,
3514,0,-1,-1,none,
3515,0,-1,-1,none,
3516,0,-1,-1,none,
3517,0,-1,-1,none,
3518,0,-1,-1,none,
3519,0,-1,-1,none,
3520,0,-1,-1,none,
3521,0,-1,-1,none,
3522,0,-1,-1,none,
3523,0,-1,-1,none,
3524,0,-1,-1,none,
3525,0,-1,-1,none,
3526,0,-1,-1,none,
3527,0,-1,-1,none,
3528,0,-1,-1,none,
3529,0,-1,-1,none,
3530,0,-1,-1,none,
3531,0,-1,-1,none,
3532,0,-1,-1,none,
3533,0,-1,-1,none,
3534,0,-1,-1,none,
3535,0,-1,-1,none,
3536,0,-1,-1,none,
3537,0,-1,-1,none,
3538,0,-1,-1,none,
3539,0,-1,-1,none,
3540,0,-1,-1,none,
3541,0,-1,-1,none,
3542,0,-1,-1,none,
3543,0,-1,-1,none,
3544,0,-1,-1,none,
3545,0,-1,-1,none,
3546,0,-1,-1,none,
3547,0,-1,-1,none,
3548,0,-1,-1,none,
3549,0,-1,-1,none,
3550,0,-1,-1,none,
3551,0,-1,-1,none,
3552,0,-1,-1,none,
3553,0,-1,-1,none,
3554,0,-1,-1,none,
3555,0,-1,-1,none,
3556,0,-1,-1,none,
3557,0,-1,-1,none,
3558,0,-1,-1,none,
3559,0,-1,-1,none,
3560,0,-1,-1,none,
3561,0,-1,-1,none,
3562,0,-1,-1,none,
3563,0,-1,-1,none,
3564,0,-1,-1,none,
3565,0,-1,-1,none,
3566,0,-1,-1,none,
3567,0,-1,-1,none,
3568,0,-1,-1,none,
3569,0,-1,-1,none,
3570,0,-1,-1,none,
3571,0,-1,-1,none,
3572,0,-1,-1,none,
3573,0,-1,-1,none,
3574,0,-1,-1,none,
3575,0,-1,-1,none,
3576,0,-1,-1,none,
3577,0,-1,-1,none,
3578,0,-1,-1,none,
3579,0,-1,-1,none,
3580,0,-1,-1,none,
3581,0,-1,-1,none,
3582,0,-1,-1,none,
3583,0,-1,-1,none,
3584,0,-1,-1,none,
3585,0,-1,-1,none,
3586,0,-1,-1,none,
3587,0,-1,-1,none,
3588,0,-1,-1,none,
3589,0,-1,-1,none,
3590,0,-1,-1,none,
3591,0,-1,-1,none,
3592,0,-1,-1,none,
3593,0,-1,-1,none,
3594,0,-1,-1,none,
3595,0,-1,-1,none,
3596,0,-1,-1,none,
3597,0,-1,-1,none,
3598,0,-1,-1,none,
3599,0,-1,-1,none,
3600,0,-1,-1,none,
3601,0,-1,-1,none,
3602,0,-1,-1,none,
3603,0,-1,-1,none,
3604,0,-1,-1,none,
3605,0,-1,-1,none,
3606,0,-1,-1,none,
3607,0,-1,-1,none,
3608,0,-1,-1,none,
3609,0,-1,-1,none,
3610,0,-1,-1,none,
3611,0,-1,-1,none,
3612,0,-1,-1,none,
3613,0,-1,-1,none,
3614,0,-1,-1,none,
3615,0,-1,-1,none,
3616,0,-1,-1,none,
3617,0,-1,-1,none,
3618,0,-1,-1,none,
3619,0,-1,-1,none,
3620,0,-1,-1,none,
3621,0,-1,-1,none,
3622,0,-1,-1,none,
3623,0,-1,-1,none,
3624,0,-1,-1,none,
3625,0,-1,-1,none,
3626,0,-1,-1,none,
3627,0,-1,-1,none,
3628,0,-1,-1,none,
3629,0,-1,-1,none,
3630,0,-1,-1,none,
3631,0,-1,-1,none,
3632,0,-1,-1,none,
3633,0,-1,-1,none,
3634,0,-1,-1,none,
3635,0,-1,-1,none,
3636,0,-1,-1,none,
3637,0,-1,-1,none,
3638,0,-1,-1,none,
3639,0,-1,-1,none,
3640,0,-1,-1,none,
3641,0,-1,-1,none,
3642,0,-1,-1,none,
3643,0,-1,-1,none,
3644,0,-1,-1,none,
3645,0,-1,-1,none,
3646,0,-1,-1,none,
3647,0,-1,-1,none,
3648,0,-1,-1,none,
3649,0,-1,-1,none,
3650,0,-1,-1,none,
3651,0,-1,-1,none,
3652,0,-1,-1,none,
3653,0,-1,-1,none,
3654,0,-1,-1,none,
3655,0,-1,-1,none,
3656,0,-1,-1,none,
3657,0,-1,-1,none,
3658,0,-1,-1,none,
3659,0,-1,-1,none,
3660,0,-1,-1,none,
3661,0,-1,-1,none,
3662,0,-1,-1,none,
3663,0,-1,-1,none,
3664,0,-1,-1,none,
3665,0,-1,-1,none,
3666,0,-1,-1,none,
3667,0,-1,-1,none,
3668,0,-1,-1,none,
3669,0,-1,-1,none,
3670,0,-1,-1,none,
3671,0,-1,-1,none,
3672,0,-1,-1,none,
3673,0,-1,-1,none,
3674,0,-1,-1,none,
3675,0,-1,-1,none,
3676,0,-1,-1,none,
3677,0,-1,-1,none,
3678,0,-1,-1,none,
3679,0,-1,-1,none,
3680,0,-1,-1,none,
3681,0,-1,-1,none,
3682,0,-1,-1,none,
3683,0,-1,-1,none,
3684,0,-1,-1,none,
3685,0,-1,-1,none,
3686,0,-1,-1,none,
3687,0,-1,-1,none,
3688,0,-1,-1,none,
3689,0,-1,-1,none,
3690,0,-1,-1,none,
3691,0,-1,-1,none,
3692,0,-1,-1,none,
3693,0,-1,-1,none,
3694,0,-1,-1,none,
3695,0,-1,-1,none,
3696,0,-1,-1,none,
3697,0,-1,-1,none,
3698,0,-1,-1,none,
3699,0,-1,-1,none,
3700,0,-1,-1,none,
3701,0,-1,-1,none,
3702,0,-1,-1,none,
3703,0,-1,-1,none,
3704,0,-1,-1,none,
3705,0,-1,-1,none,
3706,0,-1,-1,none,
3707,0,-1,-1,none,
3708,0,-1,-1,none,
3709,0,-1,-1,none,
3710,0,-1,-1,none,
3711,0,-1,-1,none,
3712,0,-1,-1,none,
3713,0,-1,-1,none,
3714,0,-1,-1,none,
3715,0,-1,-1,none,
3716,0,-1,-1,none,
3717,0,-1,-1,none,
3718,0,-1,-1,none,
3719,0,-1,-1,none,
3720,0,-1,-1,none,
3721,0,-1,-1,none,
3722,0,-1,-1,none,
3723,0,-1,-1,none,
3724,0,-1,-1,none,
3725,0,-1,-1,none,
3726,0,-1,-1,none,
3727,0,-1,-1,none,
3728,0,-1,-1,none,
3729,0,-1,-1,none,
3730,0,-1,-1,none,
3731,0,-1,-1,none,
3732,0,-1,-1,none,
3733,0,-1,-1,none,
3734,0,-1,-1,none,
3735,0,-1,-1,none,
3736,0,-1,-1,none,
3737,0,-1,-1,none,
3738,0,-1,-1,none,
3739,0,-1,-1,none,
3740,0,-1,-1,none,
3741,0,-1,-1,none,
3742,0,-1,-1,none,
3743,0,-1,-1,none,
3744,0,-1,-1,none,
3745,0,-1,-1,none,
3746,0,-1,-1,none,
3747,0,-1,-1,none,
3748,0,-1,-1,none,
3749,0,-1,-1,none,
3750,0,-1,-1,none,
3751,0,-1,-1,none,
3752,0,-1,-1,none,
3753,0,-1,-1,none,
3754,0,-1,-1,none,
3755,0,-1,-1,none,
3756,0,-1,-1,none,
3757,0,-1,-1,none,
3758,0,-1,-1,none,
3759,0,-1,-1,none,
3760,0,-1,-1,none,
3761,0,-1,-1,none,
3762,0,-1,-1,none,
3763,0,-1,-1,none,
3764,0,-1,-1,none,
3765,0,-1,-1,none,
3766,0,-1,-1,none,
3767,0,-1,-1,none,
3768,0,-1,-1,none,
3769,0,-1,-1,none,
3770,0,-1,-1,none,
3771,0,-1,-1,none,
3772,0,-1,-1,none,
3773,0,-1,-1,none,
3774,0,-1,-1,none,
3775,0,-1,-1,none,
3776,0,-1,-1,none,
3777,0,-1,-1,none,
3778,0,-1,-1,none,
3779,0,-1,-1,none,
3780,0,-1,-1,none,
3781,0,-1,-1,none,
3782,0,-1,-1,none,
3783,0,-1,-1,none,
3784,0,-1,-1,none,
3785,0,-1,-1,none,
3786,0,-1,-1,none,
3787,0,-1,-1,none,
3788,0,-1,-1,none,
3789,0,-1,-1,none,
3790,0,-1,-1,none,
3791,0,-1,-1,none,
3792,0,-1,-1,none,
3793,0,-1,-1,none,
3794,0,-1,-1,none,
3795,0,-1,-1,none,
3796,0,-1,-1,none,
3797,0,-1,-1,none,
3798,0,-1,-1,none,
3799,0,-1,-1,none,
3800,0,-1,-1,none,
3801,0,-1,-1,none,
3802,0,-1,-1,none,
3803,0,-1,-1,none,
3804,0,-1,-1,none,
3805,0,-1,-1,none,
3806,0,-1,-1,none,
3807,0,-1,-1,none,
3808,0,-1,-1,none,
3809,0,-1,-1,none,
3810,0,-1,-1,none,
3811,0,-1,-1,none,
3812,0,-1,-1,none,
3813,0,-1,-1,none,
3814,0,-1,-1,none,
3815,0,-1,-1,none,
3816,0,-1,-1,none,
3817,0,-1,-1,none,
3818,0,-1,-1,none,
3819,0,-1,-1,none,
3820,0,-1,-1,none,
3821,0,-1,-1,none,
3822,0,-1,-1,none,
3823,0,-1,-1,none,
3824,0,-1,-1,none,
3825,0,-1,-1,none,
3826,0,-1,-1,none,
3827,0,-1,-1,none,
3828,0,-1,-1,none,
3829,0,-1,-1,none,
3830,0,-1,-1,none,
3831,0,-1,-1,none,
3832,0,-1,-1,none,
3833,0,-1,-1,none,
3834,0,-1,-1,none,
3835,0,-1,-1,none,
3836,0,-1,-1,none,
3837,0,-1,-1,none,
3838,0,-1,-1,none,
3839,0,-1,-1,none,
3840,0,-1,-1,none,
3841,0,-1,-1,none,
3842,0,-1,-1,none,
3843,0,-1,-1,none,
3844,0,-1,-1,none,
3845,0,-1,-1,none,
3846,0,-1,-1,none,
3847,0,-1,-1,none,
3848,0,-1,-1,none,
3849,0,-1,-1,none,
3850,0,-1,-1,none,
3851,0,-1,-1,none,
3852,0,-1,-1,none,
3853,0,-1,-1,none,
3854,0,-1,-1,none,
3855,0,-1,-1,none,
3856,0,-1,-1,none,
3857,0,-1,-1,none,
3858,0,-1,-1,none,
3859,0,-1,-1,none,
3860,0,-1,-1,none,
3861,0,-1,-1,none,
3862,0,-1,-1,none,
3863,0,-1,-1,none,
3864,0,-1,-1,none,
3865,0,-1,-1,none,
3866,0,-1,-1,none,
3867,0,-1,-1,none,
3868,0,-1,-1,none,
3869,0,-1,-1,none,
3870,0,-1,-1,none,
3871,0,-1,-1,none,
3872,0,-1,-1,none,
3873,0,-1,-1,none,
3874,0,-1,-1,none,
3875,0,-1,-1,none,
3876,0,-1,-1,none,
3877,0,-1,-1,none,
3878,0,-1,-1,none,
3879,0,-1,-1,none,
3880,0,-1,-1,none,
3881,0,-1,-1,none,
3882,0,-1,-1,none,
3883,0,-1,-1,none,
3884,0,-1,-1,none,
3885,0,-1,-1,none,
3886,0,-1,-1,none,
3887,0,-1,-1,none,
3888,0,-1,-1,none,
3889,0,-1,-1,none,
3890,0,-1,-1,none,
3891,0,-1,-1,none,
3892,0,-1,-1,none,
3893,0,-1,-1,none,
3894,0,-1,-1,none,
3895,0,-1,-1,none,
3896,0,-1,-1,none,
3897,0,-1,-1,none,
3898,0,-1,-1,none,
3899,0,-1,-1,none,
3900,0,-1,-1,none,
3901,0,-1,-1,none,
3902,0,-1,-1,none,
3903,0,-1,-1,none,
3904,0,-1,-1,none,
3905,0,-1,-1,none,
3906,0,-1,-1,none,
3907,0,-1,-1,none,
3908,0,-1,-1,none,
3909,0,-1,-1,none,
3910,0,-1,-1,none,
3911,0,-1,-1,none,
3912,0,-1,-1,none,
3913,0,-1,-1,none,
3914,0,-1,-1,none,
3915,0,-1,-1,none,
3916,0,-1,-1,none,
3917,0,-1,-1,none,
3918,0,-1,-1,none,
3919,0,-1,-1,none,
3920,0,-1,-1,none,
3921,0,-1,-1,none,
3922,0,-1,-1,none,
3923,0,-1,-1,none,
3924,0,-1,-1,none,
3925,0,-1,-1,none,
3926,0,-1,-1,none,
3927,0,-1,-1,none,
3928,0,-1,-1,none,
3929,0,-1,-1,none,
3930,0,-1,-1,none,
3931,0,-1,-1,none,
3932,0,-1,-1,none,
3933,0,-1,-1,none,
3934,0,-1,-1,none,
3935,0,-1,-1,none,
3936,0,-1,-1,none,
3937,0,-1,-1,none,
3938,0,-1,-1,none,
3939,0,-1,-1,none,
3940,0,-1,-1,none,
3941,0,-1,-1,none,
3942,0,-1,-1,none,
3943,0,-1,-1,none,
3944,0,-1,-1,none,
3945,0,-1,-1,none,
3946,0,-1,-1,none,
3947,0,-1,-1,none,
3948,0,-1,-1,none,
3949,0,-1,-1,none,
3950,0,-1,-1,none,
3951,0,-1,-1,none,
3952,0,-1,-1,none,
3953,0,-1,-1,none,
3954,0,-1,-1,none,
3955,0,-1,-1,none,
3956,0,-1,-1,none,
3957,0,-1,-1,none,
3958,0,-1,-1,none,
3959,0,-1,-1,none,
3960,0,-1,-1,none,
3961,0,-1,-1,none,
3962,0,-1,-1,none,
3963,0,-1,-1,none,
3964,0,-1,-1,none,
3965,0,-1,-1,none,
3966,0,-1,-1,none,
3967,0,-1,-1,none,
3968,0,-1,-1,none,
3969,0,-1,-1,none,
3970,0,-1,-1,none,
3971,0,-1,-1,none,
3972,0,-1,-1,none,
3973,0,-1,-1,none,
3974,0,-1,-1,none,
3975,0,-1,-1,none,
3976,0,-1,-1,none,
3977,0,-1,-1,none,
3978,0,-1,-1,none,
3979,0,-1,-1,none,
3980,0,-1,-1,none,
3981,0,-1,-1,none,
3982,0,-1,-1,none,
3983,0,-1,-1,none,
3984,0,-1,-1,none,
3985,0,-1,-1,none,
3986,0,-1,-1,none,
3987,0,-1,-1,none,
3988,0,-1,-1,none,
3989,0,-1,-1,none,
3990,0,-1,-1,none,
3991,0,-1,-1,none,
3992,0,-1,-1,none,
3993,0,-1,-1,none,
3994,0,-1,-1,none,
3995,0,-1,-1,none,
3996,0,-1,-1,none,
3997,0,-1,-1,none,
3998,0,-1,-1,none,
3999,0,-1,-1,none,
4000,0,-1,-1,none,
4001,0,-1,-1,none,
4002,0,-1,-1,none,
4003,0,-1,-1,none,
4004,0,-1,-1,none,
4005,0,-1,-1,none,
4006,0,-1,-1,none,
4007,0,-1,-1,none,
4008,0,-1,-1,none,
4009,0,-1,-1,none,
4010,0,-1,-1,none,
4011,0,-1,-1,none,
4012,0,-1,-1,none,
4013,0,-1,-1,none,
4014,0,-1,-1,none,
4015,0,-1,-1,none,
4016,0,-1,-1,none,
4017,0,-1,-1,none,
4018,0,-1,-1,none,
4019,0,-1,-1,none,
4020,0,-1,-1,none,
4021,0,-1,-1,none,
4022,0,-1,-1,none,
4023,0,-1,-1,none,
4024,0,-1,-1,none,
4025,0,-1,-1,none,
4026,0,-1,-1,none,
4027,0,-1,-1,none,
4028,0,-1,-1,none,
4029,0,-1,-1,none,
4030,0,-1,-1,none,
4031,0,-1,-1,none,
4032,0,-1,-1,none,
4033,0,-1,-1,none,
4034,0,-1,-1,none,
4035,0,-1,-1,none,
4036,0,-1,-1,none,
4037,0,-1,-1,none,
4038,0,-1,-1,none,
4039,0,-1,-1,none,
4040,0,-1,-1,none,
4041,0,-1,-1,none,
4042,0,-1,-1,none,
4043,0,-1,-1,none,
4044,0,-1,-1,none,
4045,0,-1,-1,none,
4046,0,-1,-1,none,
4047,0,-1,-1,none,
4048,0,-1,-1,none,
4049,0,-1,-1,none,
4050,0,-1,-1,none,
4051,0,-1,-1,none,
4052,0,-1,-1,none,
4053,0,-1,-1,none,
4054,0,-1,-1,none,
4055,0,-1,-1,none,
4056,0,-1,-1,none,
4057,0,-1,-1,none,
4058,0,-1,-1,none,
4059,0,-1,-1,none,
4060,0,-1,-1,none,
4061,0,-1,-1,none,
4062,0,-1,-1,none,
4063,0,-1,-1,none,
4064,0,-1,-1,none,
4065,0,-1,-1,none,
4066,0,-1,-1,none,
4067,0,-1,-1,none,
4068,0,-1,-1,none,
4069,0,-1,-1,none,
4070,0,-1,-1,none,
4071,0,-1,-1,none,
4072,0,-1,-1,none,
4073,0,-1,-1,none,
4074,0,-1,-1,none,
4075,0,-1,-1,none,
4076,0,-1,-1,none,
4077,0,-1,-1,none,
4078,0,-1,-1,none,
4079,0,-1,-1,none,
4080,0,-1,-1,none,
4081,0,-1,-1,none,
4082,0,-1,-1,none,
4083,0,-1,-1,none,
4084,0,-1,-1,none,
4085,0,-1,-1,none,
4086,0,-1,-1,none,
4087,0,-1,-1,none,
4088,0,-1,-1,none,
4089,0,-1,-1,none,
4090,0,-1,-1,none,
4091,0,-1,-1,none,
4092,0,-1,-1,none,
4093,0,-1,-1,none,
4094,0,-1,-1,none,
4095,0,-1,-1,none,
4096,0,-1,-1,none,
4097,0,-1,-1,none,
4098,0,-1,-1,none,
4099,0,-1,-1,none,
4100,0,-1,-1,none,
4101,0,-1,-1,none,
4102,0,-1,-1,none,
4103,0,-1,-1,none,
4104,0,-1,-1,none,
4105,0,-1,-1,none,
4106,0,-1,-1,none,
4107,0,-1,-1,none,
4108,0,-1,-1,none,
4109,0,-1,-1,none,
4110,0,-1,-1,none,
4111,0,-1,-1,none,
4112,0,-1,-1,none,
4113,0,-1,-1,none,
4114,0,-1,-1,none,
4115,0,-1,-1,none,
4116,0,-1,-1,none,
4117,0,-1,-1,none,
4118,0,-1,-1,none,
4119,0,-1,-1,none,
4120,0,-1,-1,none,
4121,0,-1,-1,none,
4122,0,-1,-1,none,
4123,0,-1,-1,none,
4124,0,-1,-1,none,
4125,0,-1,-1,none,
4126,0,-1,-1,none,
4127,0,-1,-1,none,
4128,0,-1,-1,none,
4129,0,-1,-1,none,
4130,0,-1,-1,none,
4131,0,-1,-1,none,
4132,0,-1,-1,none,
4133,0,-1,-1,none,
4134,0,-1,-1,none,
4135,0,-1,-1,none,
4136,0,-1,-1,none,
4137,0,-1,-1,none,
4138,0,-1,-1,none,
4139,0,-1,-1,none,
4140,0,-1,-1,none,
4141,0,-1,-1,none,
4142,0,-1,-1,none,
4143,0,-1,-1,none,
4144,0,-1,-1,none,
4145,0,-1,-1,none,
4146,0,-1,-1,none,
4147,0,-1,-1,none,
4148,0,-1,-1,none,
4149,0,-1,-1,none,
4150,0,-1,-1,none,
4151,0,-1,-1,none,
4152,0,-1,-1,none,
4153,0,-1,-1,none,
4154,0,-1,-1,none,
4155,0,-1,-1,none,
4156,0,-1,-1,none,
4157,0,-1,-1,none,
4158,0,-1,-1,none,
4159,0,-1,-1,none,
4160,0,-1,-1,none,
4161,0,-1,-1,none,
4162,0,-1,-1,none,
4163,0,-1,-1,none,
4164,0,-1,-1,none,
4165,0,-1,-1,none,
4166,0,-1,-1,none,
4167,0,-1,-1,none,
4168,0,-1,-1,none,
4169,0,-1,-1,none,
4170,0,-1,-1,none,
4171,0,-1,-1,none,
4172,0,-1,-1,none,
4173,0,-1,-1,none,
4174,0,-1,-1,none,
4175,0,-1,-1,none,
4176,0,-1,-1,none,
4177,0,-1,-1,none,
4178,0,-1,-1,none,
4179,0,-1,-1,none,
4180,0,-1,-1,none,
4181,0,-1,-1,none,
4182,0,-1,-1,none,
4183,0,-1,-1,none,
4184,0,-1,-1,none,
4185,0,-1,-1,none,
4186,0,-1,-1,none,
4187,0,-1,-1,none,
4188,0,-1,-1,none,
4189,0,-1,-1,none,
4190,0,-1,-1,none,
4191,0,-1,-1,none,
4192,0,-1,-1,none,
4193,0,-1,-1,none,
4194,0,-1,-1,none,
4195,0,-1,-1,none,
4196,0,-1,-1,none,
4197,0,-1,-1,none,
4198,0,-1,-1,none,
4199,0,-1,-1,none,
4200,0,-1,-1,none,
4201,0,-1,-1,none,
4202,0,-1,-1,none,
4203,0,-1,-1,none,
4204,0,-1,-1,none,
4205,0,-1,-1,none,
4206,0,-1,-1,none,
4207,0,-1,-1,none,
4208,0,-1,-1,none,
4209,0,-1,-1,none,
4210,0,-1,-1,none,
4211,0,-1,-1,none,
4212,0,-1,-1,none,
4213,0,-1,-1,none,
4214,0,-1,-1,none,
4215,0,-1,-1,none,
4216,0,-1,-1,none,
4217,0,-1,-1,none,
4218,0,-1,-1,none,
4219,0,-1,-1,none,
4220,0,-1,-1,none,
4221,0,-1,-1,none,
4222,0,-1,-1,none,
4223,0,-1,-1,none,
4224,0,-1,-1,none,
4225,0,-1,-1,none,
4226,0,-1,-1,none,
4227,0,-1,-1,none,
4228,0,-1,-1,none,
4229,0,-1,-1,none,
4230,0,-1,-1,none,
4231,0,-1,-1,none,
4232,0,-1,-1,none,
4233,0,-1,-1,none,
4234,0,-1,-1,none,
4235,0,-1,-1,none,
4236,0,-1,-1,none,
4237,0,-1,-1,none,
4238,0,-1,-1,none,
4239,0,-1,-1,none,
4240,0,-1,-1,none,
4241,0,-1,-1,none,
4242,0,-1,-1,none,
4243,0,-1,-1,none,
4244,0,-1,-1,none,
4245,0,-1,-1,none,
4246,0,-1,-1,none,
4247,0,-1,-1,none,
4248,0,-1,-1,none,
4249,0,-1,-1,none,
4250,0,-1,-1,none,
4251,0,-1,-1,none,
4252,0,-1,-1,none,
4253,0,-1,-1,none,
4254,0,-1,-1,none,
4255,0,-1,-1,none,
4256,0,-1,-1,none,
4257,0,-1,-1,none,
4258,0,-1,-1,none,
4259,0,-1,-1,none,
4260,0,-1,-1,none,
4261,0,-1,-1,none,
4262,0,-1,-1,none,
4263,0,-1,-1,none,
4264,0,-1,-1,none,
4265,0,-1,-1,none,
4266,0,-1,-1,none,
4267,0,-1,-1,none,
4268,0,-1,-1,none,
4269,0,-1,-1,none,
4270,0,-1,-1,none,
4271,0,-1,-1,none,
4272,0,-1,-1,none,
4273,0,-1,-1,none,
4274,0,-1,-1,none,
4275,0,-1,-1,none,
4276,0,-1,-1,none,
4277,0,-1,-1,none,
4278,0,-1,-1,none,
4279,0,-1,-1,none,
4280,0,-1,-1,none,
4281,0,-1,-1,none,
4282,0,-1,-1,none,
4283,0,-1,-1,none,
4284,0,-1,-1,none,
4285,0,-1,-1,none,
4286,0,-1,-1,none,
4287,0,-1,-1,none,
4288,0,-1,-1,none,
4289,0,-1,-1,none,
4290,0,-1,-1,none,
4291,0,-1,-1,none,
4292,0,-1,-1,none,
4293,0,-1,-1,none,
4294,0,-1,-1,none,
4295,0,-1,-1,none,
4296,0,-1,-1,none,
4297,0,-1,-1,none,
4298,0,-1,-1,none,
4299,0,-1,-1,none,
4300,0,-1,-1,none,
4301,0,-1,-1,none,
4302,0,-1,-1,none,
4303,0,-1,-1,none,
4304,0,-1,-1,none,
4305,0,-1,-1,none,
4306,0,-1,-1,none,
4307,0,-1,-1,none,
4308,0,-1,-1,none,
4309,0,-1,-1,none,
4310,0,-1,-1,none,
4311,0,-1,-1,none,
4312,0,-1,-1,none,
4313,0,-1,-1,none,
4314,0,-1,-1,none,
4315,0,-1,-1,none,
4316,0,-1,-1,none,
4317,0,-1,-1,none,
4318,0,-1,-1,none,
4319,0,-1,-1,none,
4320,0,-1,-1,none,
4321,0,-1,-1,none,
4322,0,-1,-1,none,
4323,0,-1,-1,none,
4324,0,-1,-1,none,
4325,0,-1,-1,none,
4326,0,-1,-1,none,
4327,0,-1,-1,none,
4328,0,-1,-1,none,
4329,0,-1,-1,none,
4330,0,-1,-1,none,
4331,0,-1,-1,none,
4332,0,-1,-1,none,
4333,0,-1,-1,none,
4334,0,-1,-1,none,
4335,0,-1,-1,none,
4336,0,-1,-1,none,
4337,0,-1,-1,none,
4338,0,-1,-1,none,
4339,0,-1,-1,none,
4340,0,-1,-1,none,
4341,0,-1,-1,none,
4342,0,-1,-1,none,
4343,0,-1,-1,none,
4344,0,-1,-1,none,
4345,0,-1,-1,none,
4346,0,-1,-1,none,
4347,0,-1,-1,none,
4348,0,-1,-1,none,
4349,0,-1,-1,none,
4350,0,-1,-1,none,
4351,0,-1,-1,none,
4352,0,-1,-1,none,
4353,0,-1,-1,none,
4354,0,-1,-1,none,
4355,0,-1,-1,none,
4356,0,-1,-1,none,
4357,0,-1,-1,none,
4358,0,-1,-1,none,
4359,0,-1,-1,none,
4360,0,-1,-1,none,
4361,0,-1,-1,none,
4362,0,-1,-1,none,
4363,0,-1,-1,none,
4364,0,-1,-1,none,
4365,0,-1,-1,none,
4366,0,-1,-1,none,
4367,0,-1,-1,none,
4368,0,-1,-1,none,
4369,0,-1,-1,none,
4370,0,-1,-1,none,
4371,0,-1,-1,none,
4372,0,-1,-1,none,
4373,0,-1,-1,none,
4374,0,-1,-1,none,
4375,0,-1,-1,none,
4376,0,-1,-1,none,
4377,0,-1,-1,none,
4378,0,-1,-1,none,
4379,0,-1,-1,none,
4380,0,-1,-1,none,
4381,0,-1,-1,none,
4382,0,-1,-1,none,
4383,0,-1,-1,none,
4384,0,-1,-1,none,
4385,0,-1,-1,none,
4386,0,-1,-1,none,
4387,0,-1,-1,none,
4388,0,-1,-1,none,
4389,0,-1,-1,none,
4390,0,-1,-1,none,
4391,0,-1,-1,none,
4392,0,-1,-1,none,
4393,0,-1,-1,none,
4394,0,-1,-1,none,
4395,0,-1,-1,none,
4396,0,-1,-1,none,
4397,0,-1,-1,none,
4398,0,-1,-1,none,
4399,0,-1,-1,none,
4400,0,-1,-1,none,
4401,0,-1,-1,none,
4402,0,-1,-1,none,
4403,0,-1,-1,none,
4404,0,-1,-1,none,
4405,0,-1,-1,none,
4406,0,-1,-1,none,
4407,0,-1,-1,none,
4408,0,-1,-1,none,
4409,0,-1,-1,none,
4410,0,-1,-1,none,
4411,0,-1,-1,none,
4412,0,-1,-1,none,
4413,0,-1,-1,none,
4414,0,-1,-1,none,
4415,0,-1,-1,none,
4416,0,-1,-1,none,
4417,0,-1,-1,none,
4418,0,-1,-1,none,
4419,0,-1,-1,none,
4420,0,-1,-1,none,
4421,0,-1,-1,none,
4422,0,-1,-1,none,
4423,0,-1,-1,none,
4424,0,-1,-1,none,
4425,0,-1,-1,none,
4426,0,-1,-1,none,
4427,0,-1,-1,none,
4428,0,-1,-1,none,
4429,0,-1,-1,none,
4430,0,-1,-1,none,
4431,0,-1,-1,none,
4432,0,-1,-1,none,
4433,0,-1,-1,none,
4434,0,-1,-1,none,
4435,0,-1,-1,none,
4436,0,-1,-1,none,
4437,0,-1,-1,none,
4438,0,-1,-1,none,
4439,0,-1,-1,none,
4440,0,-1,-1,none,
4441,0,-1,-1,none,
4442,0,-1,-1,none,
4443,0,-1,-1,none,
4444,0,-1,-1,none,
4445,0,-1,-1,none,
4446,0,-1,-1,none,
4447,0,-1,-1,none,
4448,0,-1,-1,none,
4449,0,-1,-1,none,
4450,0,-1,-1,none,
4451,0,-1,-1,none,
4452,0,-1,-1,none,
4453,0,-1,-1,none,
4454,0,-1,-1,none,
4455,0,-1,-1,none,
4456,0,-1,-1,none,
4457,0,-1,-1,none,
4458,0,-1,-1,none,
4459,0,-1,-1,none,
4460,0,-1,-1,none,
4461,0,-1,-1,none,
4462,0,-1,-1,none,
4463,0,-1,-1,none,
4464,0,-1,-1,none,
4465,0,-1,-1,none,
4466,0,-1,-1,none,
4467,0,-1,-1,none,
4468,0,-1,-1,none,
4469,0,-1,-1,none,
4470,0,-1,-1,none,
4471,0,-1,-1,none,
4472,0,-1,-1,none,
4473,0,-1,-1,none,
4474,0,-1,-1,none,
4475,0,-1,-1,none,
4476,0,-1,-1,none,
4477,0,-1,-1,none,
4478,0,-1,-1,none,
4479,0,-1,-1,none,
4480,0,-1,-1,none,
4481,0,-1,-1,none,
4482,0,-1,-1,none,
4483,0,-1,-1,none,
4484,0,-1,-1,none,
4485,0,-1,-1,none,
4486,0,-1,-1,none,
4487,0,-1,-1,none,
4488,0,-1,-1,none,
4489,0,-1,-1,none,
4490,0,-1,-1,none,
4491,0,-1,-1,none,
4492,0,-1,-1,none,
4493,0,-1,-1,none,
4494,0,-1,-1,none,
4495,0,-1,-1,none,
4496,0,-1,-1,none,
4497,0,-1,-1,none,
4498,0,-1,-1,none,
4499,0,-1,-1,none,
4500,0,-1,-1,none,
4501,0,-1,-1,none,
4502,0,-1,-1,none,
4503,0,-1,-1,none,
4504,0,-1,-1,none,
4505,0,-1,-1,none,
4506,0,-1,-1,none,
4507,0,-1,-1,none,
4508,0,-1,-1,none,
4509,0,-1,-1,none,
4510,0,-1,-1,none,
4511,0,-1,-1,none,
4512,0,-1,-1,none,
4513,0,-1,-1,none,
4514,0,-1,-1,none,
4515,0,-1,-1,none,
4516,0,-1,-1,none,
4517,0,-1,-1,none,
4518,0,-1,-1,none,
4519,0,-1,-1,none,
4520,0,-1,-1,none,
4521,0,-1,-1,none,
4522,0,-1,-1,none,
4523,0,-1,-1,none,
4524,0,-1,-1,none,
4525,0,-1,-1,none,
4526,0,-1,-1,none,
4527,0,-1,-1,none,
4528,0,-1,-1,none,
4529,0,-1,-1,none,
4530,0,-1,-1,none,
4531,0,-1,-1,none,
4532,0,-1,-1,none,
4533,0,-1,-1,none,
4534,0,-1,-1,none,
4535,0,-1,-1,none,
4536,0,-1,-1,none,
4537,0,-1,-1,none,
4538,0,-1,-1,none,
4539,0,-1,-1,none,
4540,0,-1,-1,none,
4541,0,-1,-1,none,
4542,0,-1,-1,none,
4543,0,-1,-1,none,
4544,0,-1,-1,none,
4545,0,-1,-1,none,
4546,0,-1,-1,none,
4547,0,-1,-1,none,
4548,0,-1,-1,none,
4549,0,-1,-1,none,
4550,0,-1,-1,none,
4551,0,-1,-1,none,
4552,0,-1,-1,none,
4553,0,-1,-1,none,
4554,0,-1,-1,none,
4555,0,-1,-1,none,
4556,0,-1,-1,none,
4557,0,-1,-1,none,
4558,0,-1,-1,none,
4559,0,-1,-1,none,
4560,0,-1,-1,none,
4561,0,-1,-1,none,
4562,0,-1,-1,none,
4563,0,-1,-1,none,
4564,0,-1,-1,none,
4565,0,-1,-1,none,
4566,0,-1,-1,none,
4567,0,-1,-1,none,
4568,0,-1,-1,none,
4569,0,-1,-1,none,
4570,0,-1,-1,none,
4571,0,-1,-1,none,
4572,0,-1,-1,none,
4573,0,-1,-1,none,
4574,0,-1,-1,none,
4575,0,-1,-1,none,
4576,0,-1,-1,none,
4577,0,-1,-1,none,
4578,0,-1,-1,none,
4579,0,-1,-1,none,
4580,0,-1,-1,none,
4581,0,-1,-1,none,
4582,0,-1,-1,none,
4583,0,-1,-1,none,
4584,0,-1,-1,none,
4585,0,-1,-1,none,
4586,0,-1,-1,none,
4587,0,-1,-1,none,
4588,0,-1,-1,none,
4589,0,-1,-1,none,
4590,0,-1,-1,none,
4591,0,-1,-1,none,
4592,0,-1,-1,none,
4593,0,-1,-1,none,
4594,0,-1,-1,none,
4595,0,-1,-1,none,
4596,0,-1,-1,none,
4597,0,-1,-1,none,
4598,0,-1,-1,none,
4599,0,-1,-1,none,
4600,0,-1,-1,none,
4601,0,-1,-1,none,
4602,0,-1,-1,none,
4603,0,-1,-1,none,
4604,0,-1,-1,none,
4605,0,-1,-1,none,
4606,0,-1,-1,none,
4607,0,-1,-1,none,
4608,0,-1,-1,none,
4609,0,-1,-1,none,
4610,0,-1,-1,none,
4611,0,-1,-1,none,
4612,0,-1,-1,none,
4613,0,-1,-1,none,
4614,0,-1,-1,none,
4615,0,-1,-1,none,
4616,0,-1,-1,none,
4617,0,-1,-1,none,
4618,0,-1,-1,none,
4619,0,-1,-1,none,
4620,0,-1,-1,none,
4621,0,-1,-1,none,
4622,0,-1,-1,none,
4623,0,-1,-1,none,
4624,0,-1,-1,none,
4625,0,-1,-1,none,
4626,0,-1,-1,none,
4627,0,-1,-1,none,
4628,0,-1,-1,none,
4629,0,-1,-1,none,
4630,0,-1,-1,none,
4631,0,-1,-1,none,
4632,0,-1,-1,none,
4633,0,-1,-1,none,
4634,0,-1,-1,none,
4635,0,-1,-1,none,
4636,0,-1,-1,none,
4637,0,-1,-1,none,
4638,0,-1,-1,none,
4639,0,-1,-1,none,
4640,0,-1,-1,none,
4641,0,-1,-1,none,
4642,0,-1,-1,none,
4643,0,-1,-1,none,
4644,0,-1,-1,none,
4645,0,-1,-1,none,
4646,0,-1,-1,none,
4647,0,-1,-1,none,
4648,0,-1,-1,none,
4649,0,-1,-1,none,
4650,0,-1,-1,none,
4651,0,-1,-1,none,
4652,0,-1,-1,none,
4653,0,-1,-1,none,
4654,0,-1,-1,none,
4655,0,-1,-1,none,
4656,0,-1,-1,none,
4657,0,-1,-1,none,
4658,0,-1,-1,none,
4659,0,-1,-1,none,
4660,0,-1,-1,none,
4661,0,-1,-1,none,
4662,0,-1,-1,none,
4663,0,-1,-1,none,
4664,0,-1,-1,none,
4665,0,-1,-1,none,
4666,0,-1,-1,none,
4667,0,-1,-1,none,
4668,0,-1,-1,none,
4669,0,-1,-1,none,
4670,0,-1,-1,none,
4671,0,-1,-1,none,
4672,0,-1,-1,none,
4673,0,-1,-1,none,
4674,0,-1,-1,none,
4675,0,-1,-1,none,
4676,0,-1,-1,none,
4677,0,-1,-1,none,
4678,0,-1,-1,none,
4679,0,-1,-1,none,
4680,0,-1,-1,none,
4681,0,-1,-1,none,
4682,0,-1,-1,none,
4683,0,-1,-1,none,
4684,0,-1,-1,none,
4685,0,-1,-1,none,
4686,0,-1,-1,none,
4687,0,-1,-1,none,
4688,0,-1,-1,none,
4689,0,-1,-1,none,
4690,0,-1,-1,none,
4691,0,-1,-1,none,
4692,0,-1,-1,none,
4693,0,-1,-1,none,
4694,0,-1,-1,none,
4695,0,-1,-1,none,
4696,0,-1,-1,none,
4697,0,-1,-1,none,
4698,0,-1,-1,none,
4699,0,-1,-1,none,
4700,0,-1,-1,none,
4701,0,-1,-1,none,
4702,0,-1,-1,none,
4703,0,-1,-1,none,
4704,0,-1,-1,none,
4705,0,-1,-1,none,
4706,0,-1,-1,none,
4707,0,-1,-1,none,
4708,0,-1,-1,none,
4709,0,-1,-1,none,
4710,0,-1,-1,none,
4711,0,-1,-1,none,
4712,0,-1,-1,none,
4713,0,-1,-1,none,
4714,0,-1,-1,none,
4715,0,-1,-1,none,
4716,0,-1,-1,none,
4717,0,-1,-1,none,
4718,0,-1,-1,none,
4719,0,-1,-1,none,
4720,0,-1,-1,none,
4721,0,-1,-1,none,
4722,0,-1,-1,none,
4723,0,-1,-1,none,
4724,0,-1,-1,none,
4725,0,-1,-1,none,
4726,0,-1,-1,none,
4727,0,-1,-1,none,
4728,0,-1,-1,none,
4729,0,-1,-1,none,
4730,0,-1,-1,none,
4731,0,-1,-1,none,
4732,0,-1,-1,none,
4733,0,-1,-1,none,
4734,0,-1,-1,none,
4735,0,-1,-1,none,
4736,0,-1,-1,none,
4737,0,-1,-1,none,
4738,0,-1,-1,none,
4739,0,-1,-1,none,
4740,0,-1,-1,none,
4741,0,-1,-1,none,
4742,0,-1,-1,none,
4743,0,-1,-1,none,
4744,0,-1,-1,none,
4745,0,-1,-1,none,
4746,0,-1,-1,none,
4747,0,-1,-1,none,
4748,0,-1,-1,none,
4749,0,-1,-1,none,
4750,0,-1,-1,none,
4751,0,-1,-1,none,
4752,0,-1,-1,none,
4753,0,-1,-1,none,
4754,0,-1,-1,none,
4755,0,-1,-1,none,
4756,0,-1,-1,none,
4757,0,-1,-1,none,
4758,0,-1,-1,none,
4759,0,-1,-1,none,
4760,0,-1,-1,none,
4761,0,-1,-1,none,
4762,0,-1,-1,none,
4763,0,-1,-1,none,
4764,0,-1,-1,none,
4765,0,-1,-1,none,
4766,0,-1,-1,none,
4767,0,-1,-1,none,
4768,0,-1,-1,none,
4769,0,-1,-1,none,
4770,0,-1,-1,none,
4771,0,-1,-1,none,
4772,0,-1,-1,none,
4773,0,-1,-1,none,
4774,0,-1,-1,none,
4775,0,-1,-1,none,
4776,0,-1,-1,none,
4777,0,-1,-1,none,
4778,0,-1,-1,none,
4779,0,-1,-1,none,
4780,0,-1,-1,none,
4781,0,-1,-1,none,
4782,0,-1,-1,none,
4783,0,-1,-1,none,
4784,0,-1,-1,none,
4785,0,-1,-1,none,
4786,0,-1,-1,none,
4787,0,-1,-1,none,
4788,0,-1,-1,none,
4789,0,-1,-1,none,
4790,0,-1,-1,none,
4791,0,-1,-1,none,
4792,0,-1,-1,none,
4793,0,-1,-1,none,
4794,0,-1,-1,none,
4795,0,-1,-1,none,
4796,0,-1,-1,none,
4797,0,-1,-1,none,
4798,0,-1,-1,none,
4799,0,-1,-1,none,
4800,0,-1,-1,none,
4801,0,-1,-1,none,
4802,0,-1,-1,none,
4803,0,-1,-1,none,
4804,0,-1,-1,none,
4805,0,-1,-1,none,
4806,0,-1,-1,none,
4807,0,-1,-1,none,
4808,0,-1,-1,none,
4809,0,-1,-1,none,
4810,0,-1,-1,none,
4811,0,-1,-1,none,
4812,0,-1,-1,none,
4813,0,-1,-1,none,
4814,0,-1,-1,none,
4815,0,-1,-1,none,
4816,0,-1,-1,none,
4817,0,-1,-1,none,
4818,0,-1,-1,none,
4819,0,-1,-1,none,
4820,0,-1,-1,none,
4821,0,-1,-1,none,
4822,0,-1,-1,none,
4823,0,-1,-1,none,
4824,0,-1,-1,none,
4825,0,-1,-1,none,
4826,0,-1,-1,none,
4827,0,-1,-1,none,
4828,0,-1,-1,none,
4829,0,-1,-1,none,
4830,0,-1,-1,none,
4831,0,-1,-1,none,
4832,0,-1,-1,none,
4833,0,-1,-1,none,
4834,0,-1,-1,none,
4835,0,-1,-1,none,
4836,0,-1,-1,none,
4837,0,-1,-1,none,
4838,0,-1,-1,none,
4839,0,-1,-1,none,
4840,0,-1,-1,none,
4841,0,-1,-1,none,
4842,0,-1,-1,none,
4843,0,-1,-1,none,
4844,0,-1,-1,none,
4845,0,-1,-1,none,
4846,0,-1,-1,none,
4847,0,-1,-1,none,
4848,0,-1,-1,none,
4849,0,-1,-1,none,
4850,0,-1,-1,none,
4851,0,-1,-1,none,
4852,0,-1,-1,none,
4853,0,-1,-1,none,
4854,0,-1,-1,none,
4855,0,-1,-1,none,
4856,0,-1,-1,none,
4857,0,-1,-1,none,
4858,0,-1,-1,none,
4859,0,-1,-1,none,
4860,0,-1,-1,none,
4861,0,-1,-1,none,
4862,0,-1,-1,none,
4863,0,-1,-1,none,
4864,0,-1,-1,none,
4865,0,-1,-1,none,
4866,0,-1,-1,none,
4867,0,-1,-1,none,
4868,0,-1,-1,none,
4869,0,-1,-1,none,
4870,0,-1,-1,none,
4871,0,-1,-1,none,
4872,0,-1,-1,none,
4873,0,-1,-1,none,
4874,0,-1,-1,none,
4875,0,-1,-1,none,
4876,0,-1,-1,none,
4877,0,-1,-1,none,
4878,0,-1,-1,none,
4879,0,-1,-1,none,
4880,0,-1,-1,none,
4881,0,-1,-1,none,
4882,0,-1,-1,none,
4883,0,-1,-1,none,
4884,0,-1,-1,none,
4885,0,-1,-1,none,
4886,0,-1,-1,none,
4887,0,-1,-1,none,
4888,0,-1,-1,none,
4889,0,-1,-1,none,
4890,0,-1,-1,none,
4891,0,-1,-1,none,
4892,0,-1,-1,none,
4893,0,-1,-1,none,
4894,0,-1,-1,none,
4895,0,-1,-1,none,
4896,0,-1,-1,none,
4897,0,-1,-1,none,
4898,0,-1,-1,none,
4899,0,-1,-1,none,
4900,0,-1,-1,none,
4901,0,-1,-1,none,
4902,0,-1,-1,none,
4903,0,-1,-1,none,
4904,0,-1,-1,none,
4905,0,-1,-1,none,
4906,0,-1,-1,none,
4907,0,-1,-1,none,
4908,0,-1,-1,none,
4909,0,-1,-1,none,
4910,0,-1,-1,none,
4911,0,-1,-1,none,
4912,0,-1,-1,none,
4913,0,-1,-1,none,
4914,0,-1,-1,none,
4915,0,-1,-1,none,
4916,0,-1,-1,none,
4917,0,-1,-1,none,
4918,0,-1,-1,none,
4919,0,-1,-1,none,
4920,0,-1,-1,none,
4921,0,-1,-1,none,
4922,0,-1,-1,none,
4923,0,-1,-1,none,
4924,0,-1,-1,none,
4925,0,-1,-1,none,
4926,0,-1,-1,none,
4927,0,-1,-1,none,
4928,0,-1,-1,none,
4929,0,-1,-1,none,
4930,0,-1,-1,none,
4931,0,-1,-1,none,
4932,0,-1,-1,none,
4933,0,-1,-1,none,
4934,0,-1,-1,none,
4935,0,-1,-1,none,
4936,0,-1,-1,none,
4937,0,-1,-1,none,
4938,0,-1,-1,none,
4939,0,-1,-1,none,
4940,0,-1,-1,none,
4941,0,-1,-1,none,
4942,0,-1,-1,none,
4943,0,-1,-1,none,
4944,0,-1,-1,none,
4945,0,-1,-1,none,
4946,0,-1,-1,none,
4947,0,-1,-1,none,
4948,0,-1,-1,none,
4949,0,-1,-1,none,
4950,0,-1,-1,none,
4951,0,-1,-1,none,
4952,0,-1,-1,none,
4953,0,-1,-1,none,
4954,0,-1,-1,none,
4955,0,-1,-1,none,
4956,0,-1,-1,none,
4957,0,-1,-1,none,
4958,0,-1,-1,none,
4959,0,-1,-1,none,
4960,0,-1,-1,none,
4961,0,-1,-1,none,
4962,0,-1,-1,none,
4963,0,-1,-1,none,
4964,0,-1,-1,none,
4965,0,-1,-1,none,
4966,0,-1,-1,none,
4967,0,-1,-1,none,
4968,0,-1,-1,none,
4969,0,-1,-1,none,
4970,0,-1,-1,none,
4971,0,-1,-1,none,
4972,0,-1,-1,none,
4973,0,-1,-1,none,
4974,0,-1,-1,none,
4975,0,-1,-1,none,
4976,0,-1,-1,none,
4977,0,-1,-1,none,
4978,0,-1,-1,none,
4979,0,-1,-1,none,
4980,0,-1,-1,none,
4981,0,-1,-1,none,
4982,0,-1,-1,none,
4983,0,-1,-1,none,
4984,0,-1,-1,none,
4985,0,-1,-1,none,
4986,0,-1,-1,none,
4987,0,-1,-1,none,
4988,0,-1,-1,none,
4989,0,-1,-1,none,
4990,0,-1,-1,none,
4991,0,-1,-1,none,
4992,0,-1,-1,none,
4993,0,-1,-1,none,
4994,0,-1,-1,none,
4995,0,-1,-1,none,
4996,0,-1,-1,none,
4997,0,-1,-1,none,
4998,0,-1,-1,none,
4999,0,-1,-1,none,
5000,0,-1,-1,none,
